Genus,Species,parameter_value,parameter_(tmax_or_tmin),error_estimate,error_type,metric_type,metric_description,person
Lacerta,agilis,2.3,tmin,NA,NA,critical,NA,AB
Lacerta,agilis,2.8,tmin,NA,NA,critical,NA,AB
Lacerta,agilis,5.9,tmin,NA,NA,critical,NA,AB
Lacerta,agilis,5.9,tmin,NA,NA,critical,NA,AB
Poeciliopsis,monacha,7,tmin,NA,NA,critical,temperature_at_which_experimental_fish_lost_equilibrium,AB
Poeciliopsis,monacha_occidentalis,5,tmin,NA,NA,critical,temperature_at_which_experimental_fish_lost_equilibrium,AB
Poeciliopsis,monacha_lucida,7,tmin,NA,NA,critical,temperature_at_which_experimental_fish_lost_equilibrium,AB
Liolaemus,fabiani,9.2,tmin,0.51,SE,critical,temperature_unable_to_right_themselves,AB
Liolaemus,fabiani,7.9,tmin,0.43,SE,critical,temperature_unable_to_right_themselves,AB
Anisotome,imbricata,-8.2,tmin,NA,NA,lethal,frost_resistance_LT50,AB
Anisotome,imbricata,-13.2,tmin,NA,NA,lethal,frost_resistance_LT50,AB
Celmisia,haastii,-8.1,tmin,NA,NA,lethal,frost_resistance_LT50,AB
Celmisia,haastii,-9.1,tmin,NA,NA,lethal,frost_resistance_LT50,AB
Celmisia,haastii,-13.8,tmin,NA,NA,lethal,frost_resistance_LT50,AB
Celmisia,viscosa,-12.4,tmin,NA,NA,lethal,frost_resistance_LT50,AB
Celmisia,viscosa,-13.8,tmin,NA,NA,lethal,frost_resistance_LT50,AB
Celmisia,viscosa,-17.8,tmin,NA,NA,lethal,frost_resistance_LT50,AB
Dracophyllum,muscoides,-8.7,tmin,NA,NA,lethal,frost_resistance_LT50,AB
Dracophyllum,muscoides,-8.5,tmin,NA,NA,lethal,frost_resistance_LT50,AB
Dracophyllum,muscoides,-13.7,tmin,NA,NA,lethal,frost_resistance_LT50,AB
Hectorella,caespitosa,-8.7,tmin,NA,NA,lethal,frost_resistance_LT50,AB
Hectorella,caespitosa,-12.6,tmin,NA,NA,lethal,frost_resistance_LT50,AB
Poa,colensoi,-12.1,tmin,NA,NA,lethal,frost_resistance_LT50,AB
Poa,colensoi,-14.4,tmin,NA,NA,lethal,frost_resistance_LT50,AB
Poa,colensoi,-14.2,tmin,NA,NA,lethal,frost_resistance_LT50,AB
Bromus,rubens,-11.9,tmin,1.3,SD,critical,TEL50_temperature_at_which_50%_electrolytes_leached_out_of_leaf_segments,AB
Bromus,rubens,-12.4,tmin,1.8,SD,critical,TEL50_temperature_at_which_50%_electrolytes_leached_out_of_leaf_segments,AB
Bromus,rubens,-13.3,tmin,2.4,SD,critical,TEL50_temperature_at_which_50%_electrolytes_leached_out_of_leaf_segments,AB
Bromus,rubens,-19.3,tmin,4.6,SD,critical,TEL50_temperature_at_which_50%_electrolytes_leached_out_of_leaf_segments,AB
Bromus,rubens,-23,tmin,1.9,SD,critical,TEL50_temperature_at_which_50%_electrolytes_leached_out_of_leaf_segments,AB
Bromus,rubens,-21.5,tmin,4.3,SD,critical,TEL50_temperature_at_which_50%_electrolytes_leached_out_of_leaf_segments,AB
Bromus,rubens,-23.8,tmin,2.7,SD,critical,TEL50_temperature_at_which_50%_electrolytes_leached_out_of_leaf_segments,AB
Bromus,rubens,-22.9,tmin,3.1,SD,critical,TEL50_temperature_at_which_50%_electrolytes_leached_out_of_leaf_segments,AB
Bromus,rubens,-24.4,tmin,2.4,SD,critical,TEL50_temperature_at_which_50%_electrolytes_leached_out_of_leaf_segments,AB
Bromus,rubens,-21.4,tmin,3.4,SD,critical,TEL50_temperature_at_which_50%_electrolytes_leached_out_of_leaf_segments,AB
Bromus,rubens,-22.9,tmin,3.3,SD,critical,TEL50_temperature_at_which_50%_electrolytes_leached_out_of_leaf_segments,AB
Bromus,rubens,-22.3,tmin,3.2,SD,critical,TEL50_temperature_at_which_50%_electrolytes_leached_out_of_leaf_segments,AB
Bromus,tectorum,-22.9,tmin,2.7,SD,critical,TEL50_temperature_at_which_50%_electrolytes_leached_out_of_leaf_segments,AB
Bromus,tectorum,-23.3,tmin,2.6,SD,critical,TEL50_temperature_at_which_50%_electrolytes_leached_out_of_leaf_segments,AB
Bromus,tectorum,-23.3,tmin,2.6,SD,critical,TEL50_temperature_at_which_50%_electrolytes_leached_out_of_leaf_segments,AB
Bromus,tectorum,-22.5,tmin,2.7,SD,critical,TEL50_temperature_at_which_50%_electrolytes_leached_out_of_leaf_segments,AB
Bromus,tectorum,-24.1,tmin,3.7,SD,critical,TEL50_temperature_at_which_50%_electrolytes_leached_out_of_leaf_segments,AB
Bromus,tectorum,-22.9,tmin,2.7,SD,critical,TEL50_temperature_at_which_50%_electrolytes_leached_out_of_leaf_segments,AB
Bromus,tectorum,-22.1,tmin,3.8,SD,critical,TEL50_temperature_at_which_50%_electrolytes_leached_out_of_leaf_segments,AB
Bromus,tectorum,-24.3,tmin,3.7,SD,critical,TEL50_temperature_at_which_50%_electrolytes_leached_out_of_leaf_segments,AB
Bromus,tectorum,-24.3,tmin,3.7,SD,critical,TEL50_temperature_at_which_50%_electrolytes_leached_out_of_leaf_segments,AB
Bromus,tectorum,-23.7,tmin,2.3,SD,critical,TEL50_temperature_at_which_50%_electrolytes_leached_out_of_leaf_segments,AB
Bromus,tectorum,-24,tmin,2.7,SD,critical,TEL50_temperature_at_which_50%_electrolytes_leached_out_of_leaf_segments,AB
Bromus,tectorum,-23.7,tmin,2.9,SD,critical,TEL50_temperature_at_which_50%_electrolytes_leached_out_of_leaf_segments,AB
Sphaerotrichia,divaricata,30.4,tmax,NA,NA,lethal,Temperature_at_which_50%_of_the_plants_recovered,FL
Sphaerotrichia,divaricata,30.6,tmax,NA,NA,lethal,Temperature_at_which_50%_of_the_plants_recovered,FL
Sphaerotrichia,divaricata,29.4,tmax,NA,NA,lethal,Temperature_at_which_50%_of_the_plants_recovered,FL
Sphaerotrichia,divaricata,30.4,tmax,NA,NA,lethal,Temperature_at_which_50%_of_the_plants_recovered,FL
Artemisia,californica,45.2,tmax,NA,NA,critical,Temperature_at_which_the_fluorescence_reached_20%_of_the_maximum_fluorescence,FL
Artemisia,californica,48.8,tmax,NA,NA,critical,Temperature_at_which_the_fluorescence_reached_50%,FL
Artemisia,californica,53.9,tmax,NA,NA,critical,Temperature_at_which_the_fluorescence_is_maximal,FL
Atriplex,leucophylla,47.3,tmax,NA,NA,critical,Temperature_at_which_the_fluorescence_reached_20%_of_the_maximum_fluorescence,FL
Atriplex,leucophylla,48.7,tmax,NA,NA,critical,Temperature_at_which_the_fluorescence_reached_50%,FL
Atriplex,leucophylla,53.3,tmax,NA,NA,critical,Temperature_at_which_the_fluorescence_is_maximal,FL
Eriogonum,latifolium,51.4,tmax,NA,NA,critical,Temperature_at_which_the_fluorescence_reached_20%_of_the_maximum_fluorescence,FL
Eriogonum,latifolium,53.1,tmax,NA,NA,critical,Temperature_at_which_the_fluorescence_reached_50%,FL
Eriogonum,latifolium,56.3,tmax,NA,NA,critical,Temperature_at_which_the_fluorescence_is_maximal,FL
Salvia,leucophylla,45.6,tmax,NA,NA,critical,Temperature_at_which_the_fluorescence_reached_20%_of_the_maximum_fluorescence,FL
Salvia,leucophylla,48.3,tmax,NA,NA,critical,Temperature_at_which_the_fluorescence_reached_50%,FL
Salvia,leucophylla,53,tmax,NA,NA,critical,Temperature_at_which_the_fluorescence_is_maximal,FL
Artemisia,californica,46.6,tmax,NA,NA,critical,Temperature_at_which_the_fluorescence_reached_20%_of_the_maximum_fluorescence,FL
Artemisia,californica,49.7,tmax,NA,NA,critical,Temperature_at_which_the_fluorescence_reached_50%,FL
Artemisia,californica,53,tmax,NA,NA,critical,Temperature_at_which_the_fluorescence_is_maximal,FL
Atriplex,hymenelytra,52.6,tmax,NA,NA,critical,Temperature_at_which_the_fluorescence_reached_20%_of_the_maximum_fluorescence,FL
Atriplex,hymenelytra,55.7,tmax,NA,NA,critical,Temperature_at_which_the_fluorescence_reached_50%,FL
Atriplex,hymenelytra,59.7,tmax,NA,NA,critical,Temperature_at_which_the_fluorescence_is_maximal,FL
Encella,farinosa,49.8,tmax,NA,NA,critical,Temperature_at_which_the_fluorescence_reached_20%_of_the_maximum_fluorescence,FL
Encella,farinosa,52.7,tmax,NA,NA,critical,Temperature_at_which_the_fluorescence_reached_50%,FL
Encella,farinosa,55.8,tmax,NA,NA,critical,Temperature_at_which_the_fluorescence_is_maximal,FL
Eriodictyon,californicum,45.2,tmax,NA,NA,critical,Temperature_at_which_the_fluorescence_reached_20%_of_the_maximum_fluorescence,FL
Eriodictyon,californicum,48.8,tmax,NA,NA,critical,Temperature_at_which_the_fluorescence_reached_50%,FL
Eriodictyon,californicum,53.9,tmax,NA,NA,critical,Temperature_at_which_the_fluorescence_is_maximal,FL
Eriogonum,fasciculatum,50.8,tmax,NA,NA,critical,Temperature_at_which_the_fluorescence_reached_20%_of_the_maximum_fluorescence,FL
Eriogonum,fasciculatum,53.2,tmax,NA,NA,critical,Temperature_at_which_the_fluorescence_reached_50%,FL
Eriogonum,fasciculatum,57.5,tmax,NA,NA,critical,Temperature_at_which_the_fluorescence_is_maximal,FL
Salvia,mohavensis,44.6,tmax,NA,NA,critical,Temperature_at_which_the_fluorescence_reached_20%_of_the_maximum_fluorescence,FL
Salvia,mohavensis,49.2,tmax,NA,NA,critical,Temperature_at_which_the_fluorescence_reached_50%,FL
Salvia,mohavensis,52.7,tmax,NA,NA,critical,Temperature_at_which_the_fluorescence_is_maximal,FL
Poeciliopsis,occidentalis,39.4,tmax,0.3,CI,critical,Flaring_opercula_(FO),FL
Poeciliopsis,occidentalis,39.4,tmax,0.3,CI,critical,Death_(DE),FL
Poeciliopsis,occidentalis,41.5,tmax,0.3,CI,critical,Flaring_opercula_(FO),FL
Poeciliopsis,occidentalis,42.1,tmax,0.3,CI,critical,Death_(DE),FL
Poeciliopsis,occidentalis,38.4,tmax,0.4,CI,critical,Initial_loss_of_equilibrium_(ILOE),FL
Poeciliopsis,occidentalis,38.4,tmax,0.4,CI,critical,Final_loss_of_equilibrium_(FLOE),FL
Poeciliopsis,occidentalis,41.1,tmax,0.4,CI,critical,Initial_loss_of_equilibrium_(ILOE),FL
Poeciliopsis,occidentalis,41.3,tmax,0.6,CI,critical,Final_loss_of_equilibrium_(FLOE),FL
Atriplex,leucophylla,45.3,tmax,NA,NA,critical,Temperature_at_which_the_fluorescence_reached_20%_of_the_maximum_fluorescence,FL
Atriplex,hymenelytra,48.2,tmax,NA,NA,critical,Temperature_at_which_the_fluorescence_reached_20%_of_the_maximum_fluorescence,FL
Atriplex,hymenelytra,51.9,tmax,NA,NA,critical,Temperature_at_which_the_fluorescence_reached_50%,FL
Atriplex,hymenelytra,56.9,tmax,NA,NA,critical,Temperature_at_which_the_fluorescence_is_maximal,FL
Atriplex,leucophylla,48.3,tmax,NA,NA,critical,Temperature_at_which_the_fluorescence_reached_50%,FL
Atriplex,leucophylla,53.1,tmax,NA,NA,critical,Temperature_at_which_the_fluorescence_is_maximal,FL
Baccharis,pilularis,46.3,tmax,NA,NA,critical,Temperature_at_which_the_fluorescence_reached_20%_of_the_maximum_fluorescence,FL
Baccharis,pilularis,48,tmax,NA,NA,critical,Temperature_at_which_the_fluorescence_reached_50%,FL
Baccharis,pilularis,53.5,tmax,NA,NA,critical,Temperature_at_which_the_fluorescence_is_maximal,FL
Encella,farinosa,46.3,tmax,NA,NA,critical,Temperature_at_which_the_fluorescence_reached_20%_of_the_maximum_fluorescence,FL
Encella,farinosa,49,tmax,NA,NA,critical,Temperature_at_which_the_fluorescence_reached_50%,FL
Encella,farinosa,52.9,tmax,NA,NA,critical,Temperature_at_which_the_fluorescence_is_maximal,FL
Eriogonum,latifolium,48.9,tmax,NA,NA,critical,Temperature_at_which_the_fluorescence_reached_20%_of_the_maximum_fluorescence,FL
Eriogonum,fasciculatum,50.2,tmax,NA,NA,critical,Temperature_at_which_the_fluorescence_reached_20%_of_the_maximum_fluorescence,FL
Eriogonum,fasciculatum,52.9,tmax,NA,NA,critical,Temperature_at_which_the_fluorescence_reached_50%,FL
Eriogonum,fasciculatum,57.2,tmax,NA,NA,critical,Temperature_at_which_the_fluorescence_is_maximal,FL
Eriogonum,latifolium,52.2,tmax,NA,NA,critical,Temperature_at_which_the_fluorescence_reached_50%,FL
Eriogonum,latifolium,57.8,tmax,NA,NA,critical,Temperature_at_which_the_fluorescence_is_maximal,FL
Salvia,mohavensis,44.6,tmax,NA,NA,critical,Temperature_at_which_the_fluorescence_reached_20%_of_the_maximum_fluorescence,FL
Salvia,leucophylla,44.1,tmax,NA,NA,critical,Temperature_at_which_the_fluorescence_reached_20%_of_the_maximum_fluorescence,FL
Salvia,leucophylla,46.4,tmax,NA,NA,critical,Temperature_at_which_the_fluorescence_reached_50%,FL
Salvia,leucophylla,50.8,tmax,NA,NA,critical,Temperature_at_which_the_fluorescence_is_maximal,FL
Salvia,mohavensis,46.4,tmax,NA,NA,critical,Temperature_at_which_the_fluorescence_reached_50%,FL
Salvia,mohavensis,50.4,tmax,NA,NA,critical,Temperature_at_which_the_fluorescence_is_maximal,FL
Haplogloia,andersonii,25.6,tmax,NA,NA,lethal,Temperature_at_which_50%_of_the_plants_recovered,FL
Desmarestia,herbacea,24.6,tmax,NA,NA,lethal,Temperature_at_which_50%_of_the_plants_recovered,FL
Desmarestia,herbacea,24.7,tmax,NA,NA,lethal,Temperature_at_which_50%_of_the_plants_recovered,FL
Haplogloia,andersonii,24.3,tmax,NA,NA,lethal,Temperature_at_which_50%_of_the_plants_recovered,FL
Desmarestia,herbacea,25.6,tmax,NA,NA,lethal,Temperature_at_which_50%_of_the_plants_recovered,FL
Desmarestia,herbacea,24.6,tmax,NA,NA,lethal,Temperature_at_which_50%_of_the_plants_recovered,FL
Desmarestia,herbacea,25.3,tmax,NA,NA,lethal,Temperature_at_which_50%_of_the_plants_recovered,FL
Desmarestia,herbacea,24.7,tmax,NA,NA,lethal,Temperature_at_which_50%_of_the_plants_recovered,FL
Desmarestia,herbacea,24.7,tmax,NA,NA,lethal,Temperature_at_which_50%_of_the_plants_recovered,FL
Desmarestia,willii,26.4,tmax,NA,NA,lethal,Temperature_at_which_50%_of_the_plants_recovered,FL
Tinocladia,falklandica,28.7,tmax,NA,NA,lethal,Temperature_at_which_50%_of_the_plants_recovered,FL
Dictyosiphon,hirsutus,24.1,tmax,NA,NA,lethal,Temperature_at_which_50%_of_the_plants_recovered,FL
Dictyosiphon,hirsutus,24,tmax,NA,NA,lethal,Temperature_at_which_50%_of_the_plants_recovered,FL
Dictyosiphon,hirsutus,-2,tmin,NA,NA,lethal,Temperature_at_which_50%_of_the_plants_recovered,FL
Dictyosiphon,hirsutus,-2,tmin,NA,NA,lethal,Temperature_at_which_50%_of_the_plants_recovered,FL
Tinocladia,falklandica,28.1,tmax,NA,NA,lethal,Temperature_at_which_50%_of_the_plants_recovered,FL
Trachynema,groenlandicum,21.7,tmax,NA,NA,lethal,Temperature_at_which_50%_of_the_plants_recovered,FL
Dictyosiphon,hirsutus,23.2,tmax,NA,NA,lethal,Temperature_at_which_50%_of_the_plants_recovered,FL
Dictyosiphon,hirsutus,23.2,tmax,NA,NA,lethal,Temperature_at_which_50%_of_the_plants_recovered,FL
Dictyosiphon,hirsutus,-2,tmin,NA,NA,lethal,Temperature_at_which_50%_of_the_plants_recovered,FL
Dictyosiphon,hirsutus,-2,tmin,NA,NA,lethal,Temperature_at_which_50%_of_the_plants_recovered,FL
Trachynema,groenlandicum,24.4,tmax,NA,NA,lethal,Temperature_at_which_50%_of_the_plants_recovered,FL
Eleutherodactylus,portoricensus,36.2,tmax,0.47,SD,critical,temperature_at_whicht_the_animal_failed_to_respond_to_prodding,FL
Eleutherodactylus,portoricensus,7.5,tmin,0.72,SD,critical,temperature_at_whicht_the_animal_failed_to_respond_to_prodding,FL
Eleutherodactylus,portoricensus,36.3,tmax,0.72,SD,critical,temperature_at_whicht_the_animal_failed_to_respond_to_prodding,FL
Desmarestia,willii,26.3,tmax,NA,NA,lethal,Temperature_at_which_50%_of_the_plants_recovered,FL
Desmarestia,willii,25.8,tmax,NA,NA,lethal,Temperature_at_which_50%_of_the_plants_recovered,FL
Sphaerotrichia,divaricata,30.5,tmax,NA,NA,lethal,Temperature_at_which_50%_of_the_plants_recovered,FL
Sphaerotrichia,divaricata,30.6,tmax,NA,NA,lethal,Temperature_at_which_50%_of_the_plants_recovered,FL
Sphaerotrichia,divaricata,28.8,tmax,NA,NA,lethal,Temperature_at_which_50%_of_the_plants_recovered,FL
Sphaerotrichia,divaricata,29.1,tmax,NA,NA,lethal,Temperature_at_which_50%_of_the_plants_recovered,FL
Sphaerotrichia,divaricata,31.5,tmax,NA,NA,lethal,Temperature_at_which_50%_of_the_plants_recovered,FL
Dictyosiphon,foeniculaceus,25.4,tmax,NA,NA,lethal,Temperature_at_which_50%_of_the_plants_recovered,FL
Dictyosiphon,foeniculaceus,25.4,tmax,NA,NA,lethal,Temperature_at_which_50%_of_the_plants_recovered,FL
Dictyosiphon,foeniculaceus,27.5,tmax,NA,NA,lethal,Temperature_at_which_50%_of_the_plants_recovered,FL
Dictyosiphon,foeniculaceus,27.3,tmax,NA,NA,lethal,Temperature_at_which_50%_of_the_plants_recovered,FL
Sphaerotrichia,divaricata,30.3,tmax,NA,NA,lethal,Temperature_at_which_50%_of_the_plants_recovered,FL
Sphaerotrichia,divaricata,30.5,tmax,NA,NA,lethal,Temperature_at_which_50%_of_the_plants_recovered,FL
Lagopus,muta,-4.5,tmin,NA,NA,critical,Temperature_below_which_the_animal_has_to_increase_its_heat_production,FL
Lagopus,muta,-2,tmin,NA,NA,critical,Temperature_below_which_the_animal_has_to_increase_its_heat_production,FL
Lagopus,muta,0.6,tmin,NA,NA,critical,Temperature_below_which_the_animal_has_to_increase_its_heat_production,FL
Lagopus,muta,7.1,tmin,NA,NA,critical,Temperature_below_which_the_animal_has_to_increase_its_heat_production,FL
Silene,acaulis,51.7,tmax,0.2,SD,lethal,Temperature_at_50%_heat_damage,FL
Silene,acaulis,49.8,tmax,0.2,SD,lethal,Temperature_at_50%_heat_damage,FL
Sphaerotrichia,divaricata,30.5,tmax,NA,NA,lethal,Temperature_at_which_50%_of_the_plants_recovered,FL
Lagopus,muta,-6,tmin,NA,NA,critical,Temperature_below_which_the_animal_has_to_increase_its_heat_production,FL
Lagopus,muta,-8.7,tmin,NA,NA,critical,Temperature_below_which_the_animal_has_to_increase_its_heat_production,FL
Lagopus,muta,-5.3,tmin,NA,NA,critical,Temperature_below_which_the_animal_has_to_increase_its_heat_production,FL
Lagopus,muta,-5.8,tmin,NA,NA,critical,Temperature_below_which_the_animal_has_to_increase_its_heat_production,FL
Sphaerotrichia,divaricata,29.5,tmax,NA,NA,lethal,Temperature_at_which_50%_of_the_plants_recovered,FL
Sphaerotrichia,divaricata,29.5,tmax,NA,NA,lethal,Temperature_at_which_50%_of_the_plants_recovered,FL
Sphaerotrichia,divaricata,29.5,tmax,NA,NA,lethal,Temperature_at_which_50%_of_the_plants_recovered,FL
Sphaerotrichia,divaricata,29.3,tmax,NA,NA,lethal,Temperature_at_which_50%_of_the_plants_recovered,FL
Sphaerotrichia,divaricata,29.5,tmax,NA,NA,lethal,Temperature_at_which_50%_of_the_plants_recovered,FL
Sphaerotrichia,divaricata,29.7,tmax,NA,NA,lethal,Temperature_at_which_50%_of_the_plants_recovered,FL
Sphaerotrichia,divaricata,29.5,tmax,NA,NA,lethal,Temperature_at_which_50%_of_the_plants_recovered,FL
Sphaerotrichia,divaricata,29,tmax,NA,NA,lethal,Temperature_at_which_50%_of_the_plants_recovered,FL
Sphaerotrichia,divaricata,28.2,tmax,NA,NA,lethal,Temperature_at_which_50%_of_the_plants_recovered,FL
Sphaerotrichia,divaricata,29,tmax,NA,NA,lethal,Temperature_at_which_50%_of_the_plants_recovered,FL
Sphaerotrichia,divaricata,29.1,tmax,NA,NA,lethal,Temperature_at_which_50%_of_the_plants_recovered,FL
Sphaerotrichia,divaricata,29.5,tmax,NA,NA,lethal,Temperature_at_which_50%_of_the_plants_recovered,FL
Sphaerotrichia,divaricata,29.7,tmax,NA,NA,lethal,Temperature_at_which_50%_of_the_plants_recovered,FL
Sphaerotrichia,divaricata,29.5,tmax,NA,NA,lethal,Temperature_at_which_50%_of_the_plants_recovered,FL
Silene,acaulis,54.5,tmax,NA,NA,lethal,Temperature_at_50%_heat_damage,FL
Eleutherodactylus,coqui,37.1,tmax,0.66,SD,critical,no_response_to_prodding,SO
Eleutherodactylus,coqui,37.2,tmax,0.8,SD,critical,no_response_to_prodding,SO
Eleutherodactylus,coqui,36.8,tmax,0.6,SD,critical,no_response_to_prodding,SO
Eleutherodactylus,coqui,37,tmax,0.45,SD,critical,no_response_to_prodding,SO
Eleutherodactylus,coqui,7.5,tmin,0.5,SD,critical,no_response_to_prodding,SO
Eleutherodactylus,coqui,7.3,tmin,1.5,SD,critical,no_response_to_prodding,SO
Todus,mexicanus,NA,NA,NA,NA,NA,NA,SO
Donax,serra,34,tmax,NA,NA,lethal,temperature_at_50%_damage_after_6h_treatment,SO
Donax,serra,35.6,tmax,NA,NA,lethal,temperature_at_50%_damage_after_3h_treatment,SO
Donax,serra,34.8,tmax,NA,NA,lethal,temperature_at_50%_damage_after_6h_treatment,SO
Donax,serra,31,tmax,NA,NA,lethal,temperature_at_50%_damage_after_12h_treatment,SO
Donax,serra,29,tmax,NA,NA,lethal,temperature_at_50%_damage_after_24h_treatment,SO
Donax,serra,27.2,tmax,NA,NA,lethal,temperature_at_50%_damage_after_48h_treatment,SO
Donax,serra,27,tmax,NA,NA,lethal,temperature_at_50%_damage_after_72h_treatment,SO
Donax,serra,27,tmax,NA,NA,lethal,temperature_at_50%_damage_after_96h_treatment,SO
Donax,serra,33,tmax,NA,NA,lethal,temperature_at_50%_damage_after_12h_treatment,SO
Donax,serra,31,tmax,NA,NA,lethal,temperature_at_50%_damage_after_24h_treatment,SO
Donax,serra,29,tmax,NA,NA,lethal,temperature_at_50%_damage_after_48h_treatment,SO
Donax,serra,29,tmax,NA,NA,lethal,temperature_at_50%_damage_after_72h_treatment,SO
Donax,serra,27,tmax,NA,NA,lethal,temperature_at_50%_damage_after_96h_treatment,SO
Donax,sordidus,35,tmax,NA,NA,lethal,temperature_at_50%_damage_after_12h_treatment,SO
Donax,sordidus,33,tmax,NA,NA,lethal,temperature_at_50%_damage_after_24h_treatment,SO
Donax,sordidus,29.2,tmax,NA,NA,lethal,temperature_at_50%_damage_after_48h_treatment,SO
Donax,sordidus,28.6,tmax,NA,NA,lethal,temperature_at_50%_damage_after_72h_treatment,SO
Donax,sordidus,27.2,tmax,NA,NA,lethal,temperature_at_50%_damage_after_96h_treatment,SO
Bullia,rhodostoma,34,tmax,NA,NA,lethal,temperature_at_50%_damage_after_12h_treatment,SO
Bullia,rhodostoma,33,tmax,NA,NA,lethal,temperature_at_50%_damage_after_24h_treatment,SO
Bullia,rhodostoma,31.5,tmax,NA,NA,lethal,temperature_at_50%_damage_after_48h_treatment,SO
Bullia,rhodostoma,30.9,tmax,NA,NA,lethal,temperature_at_50%_damage_after_72h_treatment,SO
Bullia,rhodostoma,30.8,tmax,NA,NA,lethal,temperature_at_50%_damage_after_96h_treatment,SO
Bullia,rhodostoma,34.7,tmax,NA,NA,lethal,temperature_at_50%_damage_after_12h_treatment,SO
Bullia,rhodostoma,32,tmax,NA,NA,lethal,temperature_at_50%_damage_after_24h_treatment,SO
Bullia,rhodostoma,31,tmax,NA,NA,lethal,temperature_at_50%_damage_after_48h_treatment,SO
Bullia,rhodostoma,28.8,tmax,NA,NA,lethal,temperature_at_50%_damage_after_72h_treatment,SO
Bullia,rhodostoma,28.4,tmax,NA,NA,lethal,temperature_at_50%_damage_after_96h_treatment,SO
Palirhoeus,eatoni,39.2,tmax,0.2,SE,critical,onset_of_spasm,SO
Palirhoeus,eatoni,35.4,tmax,0.8,SE,critical,onset_of_spasm,SO
Palirhoeus,eatoni,36.9,tmax,0.6,SE,critical,onset_of_spasm,SO
Palirhoeus,eatoni,36.5,tmax,0.4,SE,critical,onset_of_spasm,SO
Palirhoeus,eatoni,30.7,tmax,1,SE,critical,onset_of_spasm,SO
Palirhoeus,eatoni,35.6,tmax,1.2,SE,critical,onset_of_spasm,SO
Palirhoeus,eatoni,33.5,tmax,0.9,SE,critical,onset_of_spasm,SO
Palirhoeus,eatoni,-1.8,tmin,0.1,SE,critical,righting_ability,SO
Palirhoeus,eatoni,-3.6,tmin,0.1,SE,critical,righting_ability,SO
Palirhoeus,eatoni,-3.1,tmin,0.1,SE,critical,righting_ability,SO
Palirhoeus,eatoni,-2.1,tmin,0.2,SE,critical,righting_ability,SO
Cophosaurus,texanus,44.4,tmax,1.5,SE,critical,onset_of_rigor,SO
Cophosaurus,texanus,44.4,tmax,1.5,SE,critical,onset_of_rigor,SO
Cophosaurus,texanus,15.4,tmin,1.9,SE,critical,onset_of_rigor,SO
Cophosaurus,texanus,15.4,tmin,1.9,SE,critical,onset_of_rigor,SO
Ctenomys,talarum,25,tmin,NA,NA,LTNZ,Temperatures_above_UTNZ_results_in_higher_metabolic_rates,SO
Ctenomys,talarum,35,tmax,NA,NA,UTNZ,Temperatures_below_LTNZ_results_in_higher_metabolic_rates,SO
Rattus,fuscipes,28.1,tmin,NA,NA,LTNZ,NA,SO
Rattus,fuscipes,28.6,tmin,NA,NA,LTNZ,NA,SO
Rattus,fuscipes,32.9,tmax,NA,NA,UTNZ,NA,SO
Rattus,fuscipes,32.8,tmax,NA,NA,UTNZ,NA,SO
Dumontia,contorta,26,tmax,NA,NA,lethal,temperature_at_100%_damage_after_5w_treatment,SO
Dumontia,contorta,26,tmax,NA,NA,lethal,temperature_at_100%_damage_after_5w_treatment,SO
Dumontia,contorta,26,tmax,NA,NA,lethal,temperature_at_100%_damage_after_5w_treatment,SO
Dumontia,contorta,0,tmin,NA,NA,critical,survival_of_microthalli_and_macrothalli,SO
Dumontia,contorta,0,tmin,NA,NA,critical,survival_of_microthalli_and_macrothalli,SO
Dumontia,contorta,0,tmin,NA,NA,critical,survival_of_microthalli_and_macrothalli,SO
Dumontia,contorta,26,tmax,NA,NA,lethal,temperature_at_100%_damage_after_5w_treatment,SO
Dumontia,contorta,0,tmin,NA,NA,critical,survival_of_microthalli_and_macrothalli,SO
Rana,pipiens,31.4,tmax,NA,NA,critical,righting_ability,SO
Rana,pipiens,34.7,tmax,NA,NA,critical,righting_ability,SO
Rana,pipiens,35.4,tmax,NA,NA,critical,righting_ability,SO
Rana,pipiens,30.8,tmax,NA,NA,critical,righting_ability,SO
Rana,pipiens,35.2,tmax,NA,NA,critical,righting_ability,SO
Rana,pipiens,30,tmax,NA,NA,critical,righting_ability,SO
Rana,pipiens,37,tmax,NA,NA,critical,righting_ability,SO
Rana,pipiens,31,tmax,NA,NA,critical,righting_ability,SO
Rana,pipiens,35.7,tmax,NA,NA,critical,righting_ability,SO
Rana,pipiens,-1.6,tmin,NA,NA,lethal,temperature_at_50%_damage_after_24h_treatment,SO
Rana,pipiens,-1.6,tmin,NA,NA,lethal,temperature_at_50%_damage_after_24h_treatment,SO
Rana,pipiens,-1.6,tmin,NA,NA,lethal,temperature_at_50%_damage_after_24h_treatment,SO
Spea,hammondii,35.6,tmax,NA,NA,critical,righting_ability,SO
Spea,hammondii,40.3,tmax,NA,NA,critical,righting_ability,SO
Spea,hammondii,0,tmin,NA,NA,lethal,temperature_at_50%_damage_after_24h_treatment,SO
Spea,hammondii,35.2,tmax,NA,NA,critical,righting_ability,SO
Spea,hammondii,40,tmax,NA,NA,critical,righting_ability,SO
Spea,hammondii,1.25,tmin,NA,NA,lethal,temperature_at_50%_damage_after_24h_treatment,SO
Bufo,boreas,35,tmax,NA,NA,critical,righting_ability,SO
Bufo,boreas,36,tmax,NA,NA,critical,righting_ability,SO
Bufo,boreas,37.8,tmax,NA,NA,critical,righting_ability,SO
Bufo,boreas,34.9,tmax,NA,NA,critical,righting_ability,SO
Bufo,boreas,36,tmax,NA,NA,critical,righting_ability,SO
Bufo,boreas,38.1,tmax,NA,NA,critical,righting_ability,SO
Bufo,boreas,35.2,tmax,NA,NA,critical,righting_ability,SO
Bufo,boreas,34,tmax,NA,NA,critical,righting_ability,SO
Bufo,boreas,35.5,tmax,NA,NA,critical,righting_ability,SO
Bufo,boreas,34.1,tmax,NA,NA,critical,righting_ability,SO
Bufo,boreas,36.5,tmax,NA,NA,critical,righting_ability,SO
Crinia,parainsignifera,34,tmax,NA,NA,critical,righting_ability,SO
Crinia,parainsignifera,35.1,tmax,NA,NA,critical,onset_of_spasm,SO
Crinia,parainsignifera,30.5,tmax,NA,NA,critical,righting_ability,SO
Crinia,parainsignifera,34.6,tmax,NA,NA,critical,onset_of_spasm,SO
Crinia,signifera,32.3,tmax,NA,NA,critical,righting_ability,SO
Crinia,signifera,33.1,tmax,NA,NA,critical,onset_of_spasm,SO
Crinia,signifera,35.3,tmax,NA,NA,critical,righting_ability,SO
Crinia,signifera,36.7,tmax,NA,NA,critical,onset_of_spasm,SO
Crinia,signifera,30.5,tmax,NA,NA,critical,righting_ability,SO
Crinia,signifera,33.7,tmax,NA,NA,critical,onset_of_spasm,SO
Crinia,signifera,32.3,tmax,NA,NA,critical,righting_ability,SO
Crinia,signifera,33.8,tmax,NA,NA,critical,onset_of_spasm,SO
Crinia,signifera,34.9,tmax,NA,NA,critical,righting_ability,SO
Crinia,signifera,35.7,tmax,NA,NA,critical,onset_of_spasm,SO
Crinia,signifera,31.8,tmax,NA,NA,critical,righting_ability,SO
Crinia,signifera,35,tmax,NA,NA,critical,onset_of_spasm,SO
Crinia,signifera,32.8,tmax,NA,NA,critical,righting_ability,SO
Crinia,signifera,34.5,tmax,NA,NA,critical,onset_of_spasm,SO
Crinia,signifera,35,tmax,NA,NA,critical,righting_ability,SO
Crinia,signifera,35.6,tmax,NA,NA,critical,onset_of_spasm,SO
Crinia,signifera,35.5,tmax,NA,NA,critical,righting_ability,SO
Crinia,signifera,33.2,tmax,NA,NA,critical,righting_ability,SO
Crinia,signifera,34.6,tmax,NA,NA,critical,onset_of_spasm,SO
Crinia,signifera,33.5,tmax,NA,NA,critical,righting_ability,SO
Crinia,signifera,34.7,tmax,NA,NA,critical,onset_of_spasm,SO
Crinia,signifera,31.6,tmax,NA,NA,critical,righting_ability,SO
Crinia,signifera,33,tmax,NA,NA,critical,onset_of_spasm,SO
Crinia,signifera,35.7,tmax,NA,NA,critical,righting_ability,SO
Crinia,signifera,36.9,tmax,NA,NA,critical,onset_of_spasm,SO
Crinia,signifera,30.8,tmax,NA,NA,critical,righting_ability,SO
Crinia,signifera,34.2,tmax,NA,NA,critical,onset_of_spasm,SO
Crinia,signifera,33.5,tmax,NA,NA,critical,righting_ability,SO
Crinia,signifera,34.6,tmax,NA,NA,critical,onset_of_spasm,SO
Crinia,victoriana,33,tmax,NA,NA,critical,righting_ability,SO
Crinia,victoriana,34.4,tmax,NA,NA,critical,onset_of_spasm,SO
Crinia,victoriana,35,tmax,NA,NA,critical,righting_ability,SO
Crinia,victoriana,36.3,tmax,NA,NA,critical,onset_of_spasm,SO
Crinia,victoriana,29.5,tmax,NA,NA,critical,righting_ability,SO
Crinia,victoriana,31.7,tmax,NA,NA,critical,onset_of_spasm,SO
Hyla,alpina,29.6,tmax,NA,NA,critical,righting_ability,SO
Hyla,alpina,31.1,tmax,NA,NA,critical,onset_of_spasm,SO
Hyla,alpina,32.9,tmax,NA,NA,critical,righting_ability,SO
Hyla,alpina,34.8,tmax,NA,NA,critical,onset_of_spasm,SO
Hyla,alpina,32.2,tmax,NA,NA,critical,righting_ability,SO
Hyla,alpina,33.7,tmax,NA,NA,critical,onset_of_spasm,SO
Hyla,alpina,29,tmax,NA,NA,critical,righting_ability,SO
Hyla,alpina,31.2,tmax,NA,NA,critical,onset_of_spasm,SO
Hyla,alpina,32.2,tmax,NA,NA,critical,righting_ability,SO
Hyla,alpina,35.1,tmax,NA,NA,critical,onset_of_spasm,SO
Hyla,aurea,33.6,tmax,NA,NA,critical,righting_ability,SO
Hyla,aurea,35.1,tmax,NA,NA,critical,onset_of_spasm,SO
Hyla,aurea,34.2,tmax,NA,NA,critical,righting_ability,SO
Hyla,aurea,35,tmax,NA,NA,critical,onset_of_spasm,SO
Hyla,aurea,30,tmax,NA,NA,critical,righting_ability,SO
Hyla,aurea,34.5,tmax,NA,NA,critical,righting_ability,SO
Hyla,aurea,35.6,tmax,NA,NA,critical,onset_of_spasm,SO
Hyla,aurea,36.2,tmax,NA,NA,critical,righting_ability,SO
Hyla,aurea,37,tmax,NA,NA,critical,onset_of_spasm,SO
Hyla,caerulea,39.3,tmax,NA,NA,critical,righting_ability,SO
Hyla,caerulea,40,tmax,NA,NA,critical,onset_of_spasm,SO
Hyla,caerulea,35.4,tmax,NA,NA,critical,righting_ability,SO
Hyla,caerulea,36.5,tmax,NA,NA,critical,onset_of_spasm,SO
Hyla,caerulea,39.2,tmax,NA,NA,critical,righting_ability,SO
Hyla,caerulea,39.9,tmax,NA,NA,critical,onset_of_spasm,SO
Hyla,caerulea,34.6,tmax,NA,NA,critical,righting_ability,SO
Hyla,chloris,37,tmax,NA,NA,critical,righting_ability,SO
Hyla,chloris,38,tmax,NA,NA,critical,onset_of_spasm,SO
Hyla,chloris,38.3,tmax,NA,NA,critical,righting_ability,SO
Hyla,chloris,39.5,tmax,NA,NA,critical,onset_of_spasm,SO
Hyla,chloris,38.9,tmax,NA,NA,critical,righting_ability,SO
Hyla,chloris,40,tmax,NA,NA,critical,onset_of_spasm,SO
Hyla,ewingi,30.7,tmax,NA,NA,critical,righting_ability,SO
Hyla,ewingi,33.9,tmax,NA,NA,critical,onset_of_spasm,SO
Hyla,ewingi,32.8,tmax,NA,NA,critical,righting_ability,SO
Hyla,ewingi,34.3,tmax,NA,NA,critical,onset_of_spasm,SO
Hyla,ewingi,32.7,tmax,NA,NA,critical,righting_ability,SO
Hyla,ewingi,36,tmax,NA,NA,critical,onset_of_spasm,SO
Hyla,ewingi,33,tmax,NA,NA,critical,righting_ability,SO
Hyla,ewingi,35.3,tmax,NA,NA,critical,onset_of_spasm,SO
Hyla,ewingi,30.8,tmax,NA,NA,critical,righting_ability,SO
Hyla,ewingi,33.6,tmax,NA,NA,critical,onset_of_spasm,SO
Hyla,ewingi,32.6,tmax,NA,NA,critical,righting_ability,SO
Hyla,ewingi,35.5,tmax,NA,NA,critical,onset_of_spasm,SO
Hyla,ewingi,32,tmax,NA,NA,critical,righting_ability,SO
Hyla,ewingi,33.8,tmax,NA,NA,critical,onset_of_spasm,SO
Hyla,ewingi,31.9,tmax,NA,NA,critical,righting_ability,SO
Hyla,ewingi,34.5,tmax,NA,NA,critical,onset_of_spasm,SO
Hyla,ewingi,34,tmax,NA,NA,critical,righting_ability,SO
Hyla,ewingi,36.1,tmax,NA,NA,critical,onset_of_spasm,SO
Hyla,glauerti,37.5,tmax,NA,NA,critical,Loss_righting_reflex,FV
Hyla,glauerti,38.9,tmax,NA,NA,critical,Onset_of_spasms_(OS),FV
Hyla,glauerti,41.6,tmax,NA,NA,critical,Loss_righting_reflex,FV
Hyla,glauerti,41.7,tmax,NA,NA,critical,Onset_of_spasms_(OS),FV
Hyla,glauerti,39,tmax,NA,NA,critical,Loss_righting_reflex,FV
Hyla,glauerti,40.3,tmax,NA,NA,critical,Onset_of_spasms_(OS),FV
Hyla,glauerti,39.6,tmax,NA,NA,critical,Loss_righting_reflex,FV
Hyla,glauerti,40.6,tmax,NA,NA,critical,Onset_of_spasms_(OS),FV
Hyla,glauerti,37.1,tmax,NA,NA,critical,Loss_righting_reflex,FV
Hyla,glauerti,38.2,tmax,NA,NA,critical,Onset_of_spasms_(OS),FV
Hyla,glauerti,34.6,tmax,NA,NA,critical,Loss_righting_reflex,FV
Hyla,glauerti,35.9,tmax,NA,NA,critical,Onset_of_spasms_(OS),FV
Hyla,glauerti,37.5,tmax,NA,NA,critical,Loss_righting_reflex,FV
Hyla,glauerti,38.4,tmax,NA,NA,critical,Onset_of_spasms_(OS),FV
Hyla,gracilenta,36.6,tmax,NA,NA,critical,Loss_righting_reflex,FV
Hyla,gracilenta,39,tmax,NA,NA,critical,Onset_of_spasms_(OS),FV
Hyla,gracilenta,38.3,tmax,NA,NA,critical,Loss_righting_reflex,FV
Hyla,gracilenta,39.6,tmax,NA,NA,critical,Onset_of_spasms_(OS),FV
Hyla,gracilenta,38.3,tmax,NA,NA,critical,Loss_righting_reflex,FV
Hyla,lesueuri,32.7,tmax,NA,NA,critical,Loss_righting_reflex,FV
Hyla,lesueuri,34.2,tmax,NA,NA,critical,Loss_righting_reflex,FV
Hyla,lesueuri,35.6,tmax,NA,NA,critical,Onset_of_spasms_(OS),FV
Hyla,lesueuri,31.5,tmax,NA,NA,critical,Loss_righting_reflex,FV
Hyla,lesueuri,34.1,tmax,NA,NA,critical,Onset_of_spasms_(OS),FV
Hyla,lesueuri,34.5,tmax,NA,NA,critical,Loss_righting_reflex,FV
Hyla,lesueuri,30.3,tmax,NA,NA,critical,Loss_righting_reflex,FV
Hyla,lesueuri,32,tmax,NA,NA,critical,Onset_of_spasms_(OS),FV
Hyla,lesueuri,33.1,tmax,NA,NA,critical,Loss_righting_reflex,FV
Hyla,lesueuri,34.8,tmax,NA,NA,critical,Onset_of_spasms_(OS),FV
Hyla,peroni,31,tmax,NA,NA,critical,Loss_righting_reflex,FV
Hyla,peroni,35.6,tmax,NA,NA,critical,Onset_of_spasms_(OS),FV
Hyla,peroni,32.6,tmax,NA,NA,critical,Loss_righting_reflex,FV
Hyla,peroni,36.3,tmax,NA,NA,critical,Loss_righting_reflex,FV
Hyla,peroni,37.7,tmax,NA,NA,critical,Onset_of_spasms_(OS),FV
Hyla,peroni,33,tmax,NA,NA,critical,Loss_righting_reflex,FV
Hyla,peroni,35.5,tmax,NA,NA,critical,Onset_of_spasms_(OS),FV
Hyla,peroni,36.2,tmax,NA,NA,critical,Loss_righting_reflex,FV
Hyla,peroni,37.7,tmax,NA,NA,critical,Onset_of_spasms_(OS),FV
Hyla,peroni,35,tmax,NA,NA,critical,Loss_righting_reflex,FV
Hyla,peroni,38.1,tmax,NA,NA,critical,Onset_of_spasms_(OS),FV
Hyla,phyllochroa,29.5,tmax,NA,NA,critical,Loss_righting_reflex,FV
Hyla,phyllochroa,29.7,tmax,NA,NA,critical,Loss_righting_reflex,FV
Hyla,phyllochroa,34.3,tmax,NA,NA,critical,Onset_of_spasms_(OS),FV
Hyla,phyllochroa,31.4,tmax,NA,NA,critical,Loss_righting_reflex,FV
Hyla,phyllochroa,35,tmax,NA,NA,critical,Onset_of_spasms_(OS),FV
Hyla,phyllochroa,30,tmax,NA,NA,critical,Loss_righting_reflex,FV
Hyla,rothi,36.2,tmax,NA,NA,critical,Loss_righting_reflex,FV
Hyla,rothi,37.5,tmax,NA,NA,critical,Onset_of_spasms_(OS),FV
Hyla,rothi,38.9,tmax,NA,NA,critical,Loss_righting_reflex,FV
Hyla,rothi,39.9,tmax,NA,NA,critical,Onset_of_spasms_(OS),FV
Hyla,rothi,31.9,tmax,NA,NA,critical,Loss_righting_reflex,FV
Hyla,rothi,34.5,tmax,NA,NA,critical,Onset_of_spasms_(OS),FV
Hyla,rothi,39.4,tmax,NA,NA,critical,Loss_righting_reflex,FV
Hyla,rothi,40.1,tmax,NA,NA,critical,Onset_of_spasms_(OS),FV
Hyla,rubella,35.9,tmax,NA,NA,critical,Loss_righting_reflex,FV
Hyla,rubella,37.6,tmax,NA,NA,critical,Onset_of_spasms_(OS),FV
Hyla,rubella,39.5,tmax,NA,NA,critical,Loss_righting_reflex,FV
Hyla,rubella,40.6,tmax,NA,NA,critical,Onset_of_spasms_(OS),FV
Hyla,rubella,35.7,tmax,NA,NA,critical,Loss_righting_reflex,FV
Hyla,rubella,37.3,tmax,NA,NA,critical,Onset_of_spasms_(OS),FV
Hyla,rubella,38.7,tmax,NA,NA,critical,Loss_righting_reflex,FV
Hyla,rubella,39.4,tmax,NA,NA,critical,Onset_of_spasms_(OS),FV
Hyla,rubella,35.8,tmax,NA,NA,critical,Loss_righting_reflex,FV
Hyla,rubella,37.6,tmax,NA,NA,critical,Onset_of_spasms_(OS),FV
Hyla,rubella,39.3,tmax,NA,NA,critical,Loss_righting_reflex,FV
Hyla,rubella,40.8,tmax,NA,NA,critical,Onset_of_spasms_(OS),FV
Hyla,rubella,41.6,tmax,NA,NA,critical,Loss_righting_reflex,FV
Limnodynastes,dorsalis,32.1,tmax,NA,NA,critical,Loss_righting_reflex,FV
Limnodynastes,dorsalis,36.5,tmax,NA,NA,critical,Loss_righting_reflex,FV
Limnodynastes,dorsalis,36.9,tmax,NA,NA,critical,Onset_of_spasms_(OS),FV
Limnodynastes,dorsalis,33.2,tmax,NA,NA,critical,Loss_righting_reflex,FV
Limnodynastes,dorsalis,35,tmax,NA,NA,critical,Loss_righting_reflex,FV
Limnodynastes,dorsalis,37,tmax,NA,NA,critical,Onset_of_spasms_(OS),FV
Limnodynastes,peroni,32.7,tmax,NA,NA,critical,Loss_righting_reflex,FV
Limnodynastes,peroni,34.3,tmax,NA,NA,critical,Onset_of_spasms_(OS),FV
Limnodynastes,peroni,30.6,tmax,NA,NA,critical,Loss_righting_reflex,FV
Limnodynastes,peroni,34.1,tmax,NA,NA,critical,Loss_righting_reflex,FV
Limnodynastes,peroni,36.3,tmax,NA,NA,critical,Onset_of_spasms_(OS),FV
Limnodynastes,tasmaniensis,29.8,tmax,NA,NA,critical,Loss_righting_reflex,FV
Limnodynastes,tasmaniensis,33.9,tmax,NA,NA,critical,Onset_of_spasms_(OS),FV
Limnodynastes,tasmaniensis,33.4,tmax,NA,NA,critical,Loss_righting_reflex,FV
Limnodynastes,tasmaniensis,35,tmax,NA,NA,critical,Onset_of_spasms_(OS),FV
Limnodynastes,tasmaniensis,34,tmax,NA,NA,critical,Loss_righting_reflex,FV
Limnodynastes,tasmaniensis,35.1,tmax,NA,NA,critical,Onset_of_spasms_(OS),FV
Limnodynastes,tasmaniensis,34.9,tmax,NA,NA,critical,Loss_righting_reflex,FV
Limnodynastes,tasmaniensis,36.6,tmax,NA,NA,critical,Onset_of_spasms_(OS),FV
Cyclorana,brevipes,40,tmax,NA,NA,critical,Loss_righting_reflex,FV
Cyclorana,brevipes,40.5,tmax,NA,NA,critical,Onset_of_spasms_(OS),FV
Cyclorana,brevipes,31.7,tmax,NA,NA,critical,Loss_righting_reflex,FV
Pseudophryne,bibroni,34.8,tmax,NA,NA,critical,Loss_righting_reflex,FV
Pseudophryne,bibroni,35.4,tmax,NA,NA,critical,Onset_of_spasms_(OS),FV
Pseudophryne,bibroni,30.5,tmax,NA,NA,critical,Loss_righting_reflex,FV
Pseudophryne,bibroni,33.9,tmax,NA,NA,critical,Onset_of_spasms_(OS),FV
Pseudophryne,bibroni,36.2,tmax,NA,NA,critical,Loss_righting_reflex,FV
Pseudophryne,bibroni,38.2,tmax,NA,NA,critical,Onset_of_spasms_(OS),FV
Pseudophryne,bibroni,32.4,tmax,NA,NA,critical,Loss_righting_reflex,FV
Pseudophryne,bibroni,35.2,tmax,NA,NA,critical,Onset_of_spasms_(OS),FV
Pseudophryne,bibroni,33.7,tmax,NA,NA,critical,Loss_righting_reflex,FV
Pseudophryne,bibroni,35.6,tmax,NA,NA,critical,Onset_of_spasms_(OS),FV
Pseudophryne,bibroni,35,tmax,NA,NA,critical,Loss_righting_reflex,FV
Pseudophryne,bibroni,37.2,tmax,NA,NA,critical,Onset_of_spasms_(OS),FV
Lanius,collaris,NA,NA,NA,NA,NA,NA,FV
Spalacopus,cyanus,NA,NA,NA,NA,NA,NA,FV
Acomys,Russatus,NA,NA,NA,NA,NA,NA,FV
Tamias,minimus,NA,NA,NA,NA,NA,NA,FV
Cyclopes,didactylus,NA,NA,NA,NA,NA,NA,FV
Zoarces,viviparus,25.7,tmax,1.2,SD,critical,Loss_of_equilibrium_(LE),FV
Zoarces,viviparus,27.1,tmax,1,SD,critical,Loss_of_equilibrium_(LE),FV
Zoarces,viviparus,27.2,tmax,0.5,SD,critical,Loss_of_equilibrium_(LE),FV
Zoarces,viviparus,27.4,tmax,0.5,SD,critical,Loss_of_equilibrium_(LE),FV
Zoarces,viviparus,27,tmax,0.9,SD,critical,Loss_of_equilibrium_(LE),FV
Zoarces,viviparus,28,tmax,1,SD,critical,Onset_of_spasms_(OS),FV
Zoarces,viviparus,29.1,tmax,0.6,SD,critical,Onset_of_spasms_(OS),FV
Zoarces,viviparus,28.8,tmax,0.9,SD,critical,Onset_of_spasms_(OS),FV
Zoarces,viviparus,28.8,tmax,0.8,SD,critical,Onset_of_spasms_(OS),FV
Zoarces,viviparus,28.6,tmax,1.1,SD,critical,Onset_of_spasms_(OS),FV
Zoarces,viviparus,27.1,tmax,0.9,SD,critical,Loss_of_equilibrium_(LE),FV
Zoarces,viviparus,26.4,tmax,0.2,SD,critical,Loss_of_equilibrium_(LE),FV
Zoarces,viviparus,25.4,tmax,0.8,SD,critical,Loss_of_equilibrium_(LE),FV
Zoarces,viviparus,26.3,tmax,1.5,SD,critical,Loss_of_equilibrium_(LE),FV
Zoarces,viviparus,27.5,tmax,0.6,SD,critical,Loss_of_equilibrium_(LE),FV
Zoarces,viviparus,29.1,tmax,0.2,SD,critical,Onset_of_spasms_(OS),FV
Zoarces,viviparus,28.8,tmax,1.1,SD,critical,Onset_of_spasms_(OS),FV
Zoarces,viviparus,284,tmax,1.1,SD,critical,Onset_of_spasms_(OS),FV
Zoarces,viviparus,28.5,tmax,1.4,SD,critical,Onset_of_spasms_(OS),FV
Zoarces,viviparus,29.1,tmax,0.5,SD,critical,Onset_of_spasms_(OS),FV
Dumontia,contorta,26,tmax,NA,NA,lethal,Temperature_at_100%_mortality,FV
Dumontia,contorta,26,tmax,NA,NA,lethal,Temperature_at_100%_mortality,FV
Dumontia,contorta,26,tmax,NA,NA,lethal,Temperature_at_100%_mortality,FV
Dipsosaurus,dorsalis,47.5,tmax,NA,NA,critical,Loss_righting_reflex,FV
Dipsosaurus,dorsalis,47,tmax,NA,NA,critical,Loss_righting_reflex,FV
Dipsosaurus,dorsalis,13.8,tmin,1.2,SD,critical,Loss_righting_reflex,FV
Dipsosaurus,dorsalis,14.2,tmin,1,SD,critical,Loss_righting_reflex,FV
Desmarestia,aculeata,22.4,tmax,NA,NA,lethal,Temperature_at_50%_survival,FV
Desmarestia,aculeata,21.8,tmax,NA,NA,lethal,Temperature_at_50%_survival,FV
Desmarestia,aculeata,22.6,tmax,NA,NA,lethal,Temperature_at_50%_survival,FV
Desmarestia,aculeata,24.5,tmax,NA,NA,lethal,Temperature_at_50%_survival,FV
Desmarestia,viridis,26.4,tmax,NA,NA,lethal,Temperature_at_50%_survival,FV
Desmarestia,viridis,26.4,tmax,NA,NA,lethal,Temperature_at_50%_survival,FV
Desmarestia,viridis,26.7,tmax,NA,NA,lethal,Temperature_at_50%_survival,FV
Desmarestia,viridis,27.2,tmax,NA,NA,lethal,Temperature_at_50%_survival,FV
Desmarestia,viridis,27.4,tmax,NA,NA,lethal,Temperature_at_50%_survival,FV
NA,NA,NA,NA,NA,NA,NA,NA,FV
