genus_species,genus,species,latitude,longitude,location_description,acclim_temp,acclim_time,parameter_value,parameter_tmax_or_tmin,error_estimate,error_type,sample_size,metric_type,metric_description,ramping_rate,ramping_to_reach_st,duration_of_chronic_exposure,temp_before_pretreament_held_or_ff_for_field_fresh,timing_of_collection,elevation_of_collection,life_stage,phylum,class,order,family,realm_general,realm_specific,source,original_compilation,notes,extractor,ref
Pomatoschistus microps,Pomatoschistus,microps,38.48455556,-8.888166667,"Sado estuary, Portugal",22,8,34.13,tmax,1.79,Pearson coefficient of variation,21,critical,loss of equilibrium,1,NA,NA,held,NA,NA,adult,,,,,Freshwater,estuarine,wild,new_papers_2019,developmental acclimation,Nikki,Cereja_2017
Pomatoschistus microps,Pomatoschistus,microps,38.48455556,-8.888166667,"Sado estuary, Portugal",26,10,34.27,tmax,1.31,Pearson coefficient of variation,19,critical,loss of equilibrium,1,NA,NA,held,NA,NA,adult,,,,,Freshwater,estuarine,wild,new_papers_2019,developmental acclimation,Nikki,Cereja_2017
Pterois volitans,Pterois,volitans,-5.464722222,123.7758333,"Hoga Island in the Banda Sea, southeast Sulawesi, Indonesia",17.8,14,33.7,tmax,0.86,SD,4,critical,loss of equilibrium,0.2,NA,NA,held,NA,NA,adult,,,,,Marine,shallow reef,wild,new_papers_2019,,Nikki,Dabruzzi_et_al_2017
Pterois volitans,Pterois,volitans,-5.464722222,123.7758333,"Hoga Island in the Banda Sea, southeast Sulawesi, Indonesia",23,14,36,tmax,0.25,SD,4,critical,loss of equilibrium,0.2,NA,NA,held,NA,NA,adult,,,,,Marine,shallow reef,wild,new_papers_2019,,Nikki,Dabruzzi_et_al_2017
Pterois volitans,Pterois,volitans,-5.464722222,123.7758333,"Hoga Island in the Banda Sea, southeast Sulawesi, Indonesia",29,14,37.6,tmax,0.42,SD,4,critical,loss of equilibrium,0.2,NA,NA,held,NA,NA,adult,,,,,Marine,shallow reef,wild,new_papers_2019,,Nikki,Dabruzzi_et_al_2017
Pterois volitans,Pterois,volitans,-5.464722222,123.7758333,"Hoga Island in the Banda Sea, southeast Sulawesi, Indonesia",31.1,14,38.5,tmax,0.27,SD,4,critical,loss of equilibrium,0.2,NA,NA,held,NA,NA,adult,,,,,Marine,shallow reef,wild,new_papers_2019,,Nikki,Dabruzzi_et_al_2017
Pterois volitans,Pterois,volitans,-5.464722222,123.7758333,"Hoga Island in the Banda Sea, southeast Sulawesi, Indonesia",17.8,14,9.9,tmin,0.56,SD,4,critical,loss of equilibrium,0.2,NA,NA,held,NA,NA,adult,,,,,Marine,shallow reef,wild,new_papers_2019,,Nikki,Dabruzzi_et_al_2017
Pterois volitans,Pterois,volitans,-5.464722222,123.7758333,"Hoga Island in the Banda Sea, southeast Sulawesi, Indonesia",23,14,11.4,tmin,0.37,SD,4,critical,loss of equilibrium,0.2,NA,NA,held,NA,NA,adult,,,,,Marine,shallow reef,wild,new_papers_2019,,Nikki,Dabruzzi_et_al_2017
Pterois volitans,Pterois,volitans,-5.464722222,123.7758333,"Hoga Island in the Banda Sea, southeast Sulawesi, Indonesia",29,14,13.2,tmin,0.56,SD,4,critical,loss of equilibrium,0.2,NA,NA,held,NA,NA,adult,,,,,Marine,shallow reef,wild,new_papers_2019,,Nikki,Dabruzzi_et_al_2017
Pterois volitans,Pterois,volitans,-5.464722222,123.7758333,"Hoga Island in the Banda Sea, southeast Sulawesi, Indonesia",31.1,14,13.8,tmin,0.1,SD,4,critical,loss of equilibrium,0.2,NA,NA,held,NA,NA,adult,,,,,Marine,shallow reef,wild,new_papers_2019,,Nikki,Dabruzzi_et_al_2017
Amphibalanus amphitrite,Amphibalanus,amphitrite,1.4387,103.7546,"Kranji, Singapore",25.4,90,45.1,tmax,0.72,SD,20,critical,inability to close operculum plates,1,NA,NA,held,NA,NA,adult,,,,,Marine,intertidal,wild,new_papers_2019,,Nikki,Morley_et_al_2017
Amphibalanus amphitrite,Amphibalanus,amphitrite,1.4387,103.7546,"Kranji, Singapore",27.4,90,45.3,tmax,0.76,SD,20,critical,inability to close operculum plates,1,NA,NA,held,NA,NA,adult,,,,,Marine,intertidal,wild,new_papers_2019,,Nikki,Morley_et_al_2017
Amphibalanus amphitrite,Amphibalanus,amphitrite,1.4387,103.7546,"Kranji, Singapore",29.4,90,45.55,tmax,0.74,SD,20,critical,inability to close operculum plates,1,NA,NA,held,NA,NA,adult,,,,,Marine,intertidal,wild,new_papers_2019,,Nikki,Morley_et_al_2017
Amphibalanus amphitrite,Amphibalanus,amphitrite,1.4387,103.7546,"Kranji, Singapore",31.4,90,45.6,tmax,0.82,SD,20,critical,inability to close operculum plates,1,NA,NA,held,NA,NA,adult,,,,,Marine,intertidal,wild,new_papers_2019,,Nikki,Morley_et_al_2017
Amphibalanus amphitrite,Amphibalanus,amphitrite,1.4387,103.7546,"Kranji, Singapore",33.4,90,45.67,tmax,0.8,SD,20,critical,inability to close operculum plates,1,NA,NA,held,NA,NA,adult,,,,,Marine,intertidal,wild,new_papers_2019,,Nikki,Morley_et_al_2017
Sardinops sagax,Sardinops,sagax,32.781037,-117.228291,"Mission Bay, San Diego, USA",15,14,29.1,tmax,"28.8, 29.3",CI,7,critical,loss of equilibrium,0.98,NA,NA,held,May,NA,adult,,,,,Marine,pelagic,wild,new_papers_2019,,Nikki,Pribyl_et_al_2016
Sardinops sagax,Sardinops,sagax,32.781037,-117.228291,"Mission Bay, San Diego, USA",17,14,29.9,tmax,"29.5, 30.4",CI,7,critical,loss of equilibrium,1.02,NA,NA,held,May,NA,adult,,,,,Marine,pelagic,wild,new_papers_2019,,Nikki,Pribyl_et_al_2016
Sardinops sagax,Sardinops,sagax,32.781037,-117.228291,"Mission Bay, San Diego, USA",15,14,3.4,tmin,"3.2, 3.6",CI,7,critical,loss of equilibrium,0.98,NA,NA,held,May,NA,adult,,,,,Marine,pelagic,wild,new_papers_2019,,Nikki,Pribyl_et_al_2016
Sardinops sagax,Sardinops,sagax,32.781037,-117.228291,"Mission Bay, San Diego, USA",17,14,4.8,tmin,"4.5, 5",CI,7,critical,loss of equilibrium,0.96,NA,NA,held,May,NA,adult,,,,,Marine,pelagic,wild,new_papers_2019,,Nikki,Pribyl_et_al_2016
Acartia tonsa,Acartia,tonsa,41.694553,-71.21264,"Mt Hope Bay, Narragansett Bay in Massachusetts and Rhode Island, USA",5,NA,24.8,tmax,3.55,SD,30-50,critical,spasms,4,NA,NA,held,NA,NA,adult,,,,,Marine,NA,wild,Morley,,Nikki,Gonzalez_1974
Acartia tonsa,Acartia,tonsa,41.694553,-71.21264,"Mt Hope Bay, Narragansett Bay in Massachusetts and Rhode Island, USA",10,NA,26.43,tmax,4.36,SD,30-50,critical,spasms,4,NA,NA,held,NA,NA,adult,,,,,Marine,NA,wild,Morley,,Nikki,Gonzalez_1974
Acartia tonsa,Acartia,tonsa,41.694553,-71.21264,"Mt Hope Bay, Narragansett Bay in Massachusetts and Rhode Island, USA",15,NA,31.71,tmax,2.86,SD,30-50,critical,spasms,4,NA,NA,held,NA,NA,adult,,,,,Marine,NA,wild,Morley,,Nikki,Gonzalez_1974
Acartia tonsa,Acartia,tonsa,41.694553,-71.21264,"Mt Hope Bay, Narragansett Bay in Massachusetts and Rhode Island, USA",20,NA,35.46,tmax,2.79,SD,30-50,critical,spasms,4,NA,NA,held,NA,NA,adult,,,,,Marine,NA,wild,Morley,,Nikki,Gonzalez_1974
Acartia tonsa,Acartia,tonsa,17.972045,-67.014152,"Bahia Fosforescente, Puerto Rico",15,NA,34.03,tmax,2.88,SD,30-50,critical,spasms,4,NA,NA,held,NA,NA,adult,,,,,Marine,NA,wild,Morley,,Nikki,Gonzalez_1974
Acartia tonsa,Acartia,tonsa,17.972045,-67.014152,"Bahia Fosforescente, Puerto Rico",20,NA,37.71,tmax,1.68,SD,30-50,critical,spasms,4,NA,NA,held,NA,NA,adult,,,,,Marine,NA,wild,Morley,,Nikki,Gonzalez_1974
Acartia tonsa,Acartia,tonsa,25.542426,-80.228127,"Biscayne Bay, Florida,USA",20,NA,37.45,tmax,2.19,SD,30-50,critical,spasms,4,NA,NA,held,NA,NA,adult,,,,,Marine,NA,wild,Morley,,Nikki,Gonzalez_1974
Acartia clausi,Acartia,clausi,41.694553,-71.21264,"Mt Hope Bay, Narragansett Bay in Massachusetts and Rhode Island, USA",5,NA,22.43,tmax,3.16,SD,30-50,critical,spasms,4,NA,NA,held,NA,NA,adult,,,,,Marine,NA,wild,Morley,,Nikki,Gonzalez_1974
Acartia clausi,Acartia,clausi,41.694553,-71.21264,"Mt Hope Bay, Narragansett Bay in Massachusetts and Rhode Island, USA",10,NA,26.59,tmax,1.79,SD,30-50,critical,spasms,4,NA,NA,held,NA,NA,adult,,,,,Marine,NA,wild,Morley,,Nikki,Gonzalez_1974
Acartia clausi,Acartia,clausi,41.694553,-71.21264,"Mt Hope Bay, Narragansett Bay in Massachusetts and Rhode Island, USA",15,NA,26.56,tmax,1.65,SD,30-50,lethal,death,4,NA,NA,held,NA,NA,adult,,,,,Marine,NA,wild,Morley,,Nikki,Gonzalez_1974
Acartia clausi,Acartia,clausi,41.694553,-71.21264,"Mt Hope Bay, Narragansett Bay in Massachusetts and Rhode Island, USA",20,NA,28,tmax,2.16,SD,30-50,lethal,death,4,NA,NA,held,NA,NA,adult,,,,,Marine,NA,wild,Morley,,Nikki,Gonzalez_1974
Acartia tonsa,Acartia,tonsa,41.694553,-71.21264,"Mt Hope Bay, Narragansett Bay in Massachusetts and Rhode Island, USA",5,NA,33.75,tmax,3.54,SD,30-50,lethal,death,4,NA,NA,held,NA,NA,adult,,,,,Marine,NA,wild,Morley,,Nikki,Gonzalez_1974
Acartia tonsa,Acartia,tonsa,41.694553,-71.21264,"Mt Hope Bay, Narragansett Bay in Massachusetts and Rhode Island, USA",10,NA,34.54,tmax,3.13,SD,30-50,lethal,death,4,NA,NA,held,NA,NA,adult,,,,,Marine,NA,wild,Morley,,Nikki,Gonzalez_1974
Acartia tonsa,Acartia,tonsa,41.694553,-71.21264,"Mt Hope Bay, Narragansett Bay in Massachusetts and Rhode Island, USA",15,NA,37.88,tmax,2.38,SD,30-50,lethal,death,4,NA,NA,held,NA,NA,adult,,,,,Marine,NA,wild,Morley,,Nikki,Gonzalez_1974
Acartia tonsa,Acartia,tonsa,41.694553,-71.21264,"Mt Hope Bay, Narragansett Bay in Massachusetts and Rhode Island, USA",20,NA,41.21,tmax,1.63,SD,30-50,lethal,death,4,NA,NA,held,NA,NA,adult,,,,,Marine,NA,wild,Morley,,Nikki,Gonzalez_1974
Acartia tonsa,Acartia,tonsa,17.972045,-67.014152,"Bahia Fosforescente, Puerto Rico",15,NA,38.21,tmax,2.89,SD,30-50,lethal,death,4,NA,NA,held,NA,NA,adult,,,,,Marine,NA,wild,Morley,,Nikki,Gonzalez_1974
Acartia tonsa,Acartia,tonsa,17.972045,-67.014152,"Bahia Fosforescente, Puerto Rico",20,NA,41.9,tmax,0.82,SD,30-50,lethal,death,4,NA,NA,held,NA,NA,adult,,,,,Marine,NA,wild,Morley,,Nikki,Gonzalez_1974
Acartia tonsa,Acartia,tonsa,25.542426,-80.228127,"Biscayne Bay, Florida,USA",20,NA,39.16,tmax,1.75,SD,30-50,lethal,death,4,NA,NA,held,NA,NA,adult,,,,,Marine,NA,wild,Morley,,Nikki,Gonzalez_1974
Acartia clausi,Acartia,clausi,41.694553,-71.21264,"Mt Hope Bay, Narragansett Bay in Massachusetts and Rhode Island, USA",5,NA,27.79,tmax,1.66,SD,30-50,lethal,death,4,NA,NA,held,NA,NA,adult,,,,,Marine,NA,wild,Morley,,Nikki,Gonzalez_1974
Acartia clausi,Acartia,clausi,41.694553,-71.21264,"Mt Hope Bay, Narragansett Bay in Massachusetts and Rhode Island, USA",10,NA,32.56,tmax,1.25,SD,30-50,lethal,death,4,NA,NA,held,NA,NA,adult,,,,,Marine,NA,wild,Morley,,Nikki,Gonzalez_1974
Acartia clausi,Acartia,clausi,41.694553,-71.21264,"Mt Hope Bay, Narragansett Bay in Massachusetts and Rhode Island, USA",15,NA,32.58,tmax,1.81,SD,30-50,lethal,death,4,NA,NA,held,NA,NA,adult,,,,,Marine,NA,wild,Morley,,Nikki,Gonzalez_1974
Acartia clausi,Acartia,clausi,41.694553,-71.21264,"Mt Hope Bay, Narragansett Bay in Massachusetts and Rhode Island, USA",20,NA,32.97,tmax,1.77,SD,30-50,lethal,death,4,NA,NA,held,NA,NA,adult,,,,,Marine,NA,wild,Morley,,Nikki,Gonzalez_1974
Albula vulpes,Albula,Vulpes,24.83472222,-76.34222222,"Eleuthera, The Bahamas ",27.3,NA,36.4,tmax,0.5,SE,10,critical,NA,0.2,NA,NA,held,Feb-Mar,NA,adult,,,,,Marine,tidal creeks,wild,Morley,,Nikki,Murchie_et_al_2011
Albula vulpes,Albula,Vulpes,24.83472222,-76.34222222,"Eleuthera, The Bahamas ",30.2,NA,37.9,tmax,0.5,SE,10,critical,NA,0.2,NA,NA,held,Feb-Mar,NA,adult,,,,,Marine,tidal creeks,wild,Morley,,Nikki,Murchie_et_al_2011
Alosa pseudoharengus,Alosa,pseudoharengus,42.382545,-87.803984,"Common-wealth Edison Company Waukegan Generating Station, WaukeganI, llinois",2.94,NA,23.43,tmax,NA,NA,5,critical,loss of equilibrium,0.3,NA,NA,field,Dec,NA,adult,,,,,Freshwater,lake,wild,Morley,,Nikki,Otto_et_al_1976
Alosa pseudoharengus,Alosa,pseudoharengus,42.382545,-87.803984,"Common-wealth Edison Company Waukegan Generating Station, WaukeganI, llinois",5,NA,24.45,tmax,NA,NA,5,critical,loss of equilibrium,0.3,NA,NA,held,Mar,NA,adult,,,,,Freshwater,lake,wild,Morley,,Nikki,Otto_et_al_1976
Alosa pseudoharengus,Alosa,pseudoharengus,42.382545,-87.803984,"Common-wealth Edison Company Waukegan Generating Station, WaukeganI, llinois",5,NA,24.93,tmax,NA,NA,5,critical,loss of equilibrium,0.3,NA,NA,held,Nov,NA,adult,,,,,Freshwater,lake,wild,Morley,,Nikki,Otto_et_al_1976
Alosa pseudoharengus,Alosa,pseudoharengus,42.382545,-87.803984,"Common-wealth Edison Company Waukegan Generating Station, WaukeganI, llinois",10,NA,23.73,tmax,NA,NA,5,critical,loss of equilibrium,0.3,NA,NA,held,Mar,NA,adult,,,,,Freshwater,lake,wild,Morley,,Nikki,Otto_et_al_1976
Alosa pseudoharengus,Alosa,pseudoharengus,42.382545,-87.803984,"Common-wealth Edison Company Waukegan Generating Station, WaukeganI, llinois",9.8,NA,26.93,tmax,NA,NA,5,critical,loss of equilibrium,0.3,NA,NA,field,Nov,NA,adult,,,,,Freshwater,lake,wild,Morley,,Nikki,Otto_et_al_1976
Alosa pseudoharengus,Alosa,pseudoharengus,42.382545,-87.803984,"Common-wealth Edison Company Waukegan Generating Station, WaukeganI, llinois",10,NA,27.53,tmax,NA,NA,5,critical,loss of equilibrium,0.3,NA,NA,held,Sep,NA,adult,,,,,Freshwater,lake,wild,Morley,,Nikki,Otto_et_al_1976
Alosa pseudoharengus,Alosa,pseudoharengus,42.382545,-87.803984,"Common-wealth Edison Company Waukegan Generating Station, WaukeganI, llinois",110,NA,28.23,tmax,NA,NA,5,critical,loss of equilibrium,0.3,NA,NA,held,Sep,NA,adult,,,,,Freshwater,lake,wild,Morley,,Nikki,Otto_et_al_1976
Alosa pseudoharengus,Alosa,pseudoharengus,42.382545,-87.803984,"Common-wealth Edison Company Waukegan Generating Station, WaukeganI, llinois",11.97,NA,30.2,tmax,NA,NA,5,critical,loss of equilibrium,0.3,NA,NA,field,Aug,NA,adult,,,,,Freshwater,lake,wild,Morley,,Nikki,Otto_et_al_1976
Alosa pseudoharengus,Alosa,pseudoharengus,42.382545,-87.803984,"Common-wealth Edison Company Waukegan Generating Station, WaukeganI, llinois",15,NA,29.76,tmax,NA,NA,5,critical,loss of equilibrium,0.3,NA,NA,held,Mar,NA,adult,,,,,Freshwater,lake,wild,Morley,,Nikki,Otto_et_al_1976
Alosa pseudoharengus,Alosa,pseudoharengus,42.382545,-87.803984,"Common-wealth Edison Company Waukegan Generating Station, WaukeganI, llinois",16.39,NA,31.48,tmax,NA,NA,5,critical,loss of equilibrium,0.3,NA,NA,field,Aug,NA,adult,,,,,Freshwater,lake,wild,Morley,,Nikki,Otto_et_al_1976
Alosa pseudoharengus,Alosa,pseudoharengus,42.382545,-87.803984,"Common-wealth Edison Company Waukegan Generating Station, WaukeganI, llinois",20,NA,31.03,tmax,NA,NA,5,critical,loss of equilibrium,0.3,NA,NA,held,Sep,NA,adult,,,,,Freshwater,lake,wild,Morley,,Nikki,Otto_et_al_1976
Alosa pseudoharengus,Alosa,pseudoharengus,42.382545,-87.803984,"Common-wealth Edison Company Waukegan Generating Station, WaukeganI, llinois",20,NA,31.77,tmax,NA,NA,5,critical,loss of equilibrium,0.3,NA,NA,held,Aug,NA,adult,,,,,Freshwater,lake,wild,Morley,,Nikki,Otto_et_al_1976
Alosa pseudoharengus,Alosa,pseudoharengus,42.382545,-87.803984,"Common-wealth Edison Company Waukegan Generating Station, WaukeganI, llinois",20,NA,32.3,tmax,NA,NA,5,critical,loss of equilibrium,0.3,NA,NA,held,Aug,NA,adult,,,,,Freshwater,lake,wild,Morley,,Nikki,Otto_et_al_1976
Alosa pseudoharengus,Alosa,pseudoharengus,42.382545,-87.803984,"Common-wealth Edison Company Waukegan Generating Station, WaukeganI, llinois",20,NA,32.75,tmax,NA,NA,5,critical,loss of equilibrium,0.3,NA,NA,held,Mar,NA,adult,,,,,Freshwater,lake,wild,Morley,,Nikki,Otto_et_al_1976
Alosa pseudoharengus,Alosa,pseudoharengus,42.382545,-87.803984,"Common-wealth Edison Company Waukegan Generating Station, WaukeganI, llinois",20,NA,32.95,tmax,NA,NA,5,critical,loss of equilibrium,0.3,NA,NA,held,Aug,NA,adult,,,,,Freshwater,lake,wild,Morley,,Nikki,Otto_et_al_1976
Alosa pseudoharengus,Alosa,pseudoharengus,42.382545,-87.803984,"Common-wealth Edison Company Waukegan Generating Station, WaukeganI, llinois",19.33,NA,32.83,tmax,NA,NA,5,critical,loss of equilibrium,0.3,NA,NA,field,Aug,NA,adult,,,,,Freshwater,lake,wild,Morley,,Nikki,Otto_et_al_1976
Alosa pseudoharengus,Alosa,pseudoharengus,42.382545,-87.803984,"Common-wealth Edison Company Waukegan Generating Station, WaukeganI, llinois",25,NA,34.31,tmax,NA,NA,5,critical,loss of equilibrium,0.3,NA,NA,held,Mar,NA,adult,,,,,Freshwater,lake,wild,Morley,,Nikki,Otto_et_al_1976
Alosa pseudoharengus,Alosa,pseudoharengus,42.382545,-87.803984,"Common-wealth Edison Company Waukegan Generating Station, WaukeganI, llinois",24.99,NA,34.5,tmax,NA,NA,5,critical,loss of equilibrium,0.3,NA,NA,field,Aug,NA,adult,,,,,Freshwater,lake,wild,Morley,,Nikki,Otto_et_al_1976
Alosa pseudoharengus,Alosa,pseudoharengus,42.382545,-87.803984,"Common-wealth Edison Company Waukegan Generating Station, WaukeganI, llinois",30,NA,36.85,tmax,NA,NA,5,critical,loss of equilibrium,0.3,NA,NA,held,Mar,NA,adult,,,,,Freshwater,lake,wild,Morley,,Nikki,Otto_et_al_1976
Apogon novemfasciatus,Apogon,novemfasciatus,-5.464722222,123.7758333,"Hoga Island, southeast Sulawesi, Indonesia",16.58,14,35.1,tmax,"33.62, 36.12",CI,3,critical,loss of equilibrium,0.31,NA,NA,held,Jun-Aug,NA,adult,,,,,Marine,reef and seagrass,wild,Morley,,Nikki,Eme_&_Bennett_2009
Apogon novemfasciatus,Apogon,novemfasciatus,-5.464722222,123.7758333,"Hoga Island, southeast Sulawesi, Indonesia",20.12,14,35.2,tmax,"32.41, 37.49",CI,6,critical,loss of equilibrium,0.31,NA,NA,held,Jun-Aug,NA,adult,,,,,Marine,reef and seagrass,wild,Morley,,Nikki,Eme_&_Bennett_2009
Apogon novemfasciatus,Apogon,novemfasciatus,-5.464722222,123.7758333,"Hoga Island, southeast Sulawesi, Indonesia",24.78,14,38,tmax,"36.7, 36.7",CI,6,critical,loss of equilibrium,0.31,NA,NA,held,Jun-Aug,NA,adult,,,,,Marine,reef and seagrass,wild,Morley,,Nikki,Eme_&_Bennett_2009
Apogon novemfasciatus,Apogon,novemfasciatus,-5.464722222,123.7758333,"Hoga Island, southeast Sulawesi, Indonesia",28.96,14,39,tmax,"0, 0",CI,6,critical,loss of equilibrium,0.31,NA,NA,held,Jun-Aug,NA,adult,,,,,Marine,reef and seagrass,wild,Morley,,Nikki,Eme_&_Bennett_2009
Apogon novemfasciatus,Apogon,novemfasciatus,-5.464722222,123.7758333,"Hoga Island, southeast Sulawesi, Indonesia",30.96,14,40.1,tmax,"0, 0",CI,3,critical,loss of equilibrium,0.31,NA,NA,held,Jun-Aug,NA,adult,,,,,Marine,reef and seagrass,wild,Morley,,Nikki,Eme_&_Bennett_2009
Apogon novemfasciatus,Apogon,novemfasciatus,-5.464722222,123.7758333,"Hoga Island, southeast Sulawesi, Indonesia",16.94,14,12.9,tmin,"12.97, 14.26",CI,3,critical,loss of equilibrium,0.31,NA,NA,held,Jun-Aug,NA,adult,,,,,Marine,reef and seagrass,wild,Morley,,Nikki,Eme_&_Bennett_2009
Apogon novemfasciatus,Apogon,novemfasciatus,-5.464722222,123.7758333,"Hoga Island, southeast Sulawesi, Indonesia",20.56,14,13.4,tmin,"13.05, 15.46",CI,6,critical,loss of equilibrium,0.31,NA,NA,held,Jun-Aug,NA,adult,,,,,Marine,reef and seagrass,wild,Morley,,Nikki,Eme_&_Bennett_2009
Apogon novemfasciatus,Apogon,novemfasciatus,-5.464722222,123.7758333,"Hoga Island, southeast Sulawesi, Indonesia",25.06,14,15,tmin,"14.59, 16.48",CI,6,critical,loss of equilibrium,0.31,NA,NA,held,Jun-Aug,NA,adult,,,,,Marine,reef and seagrass,wild,Morley,,Nikki,Eme_&_Bennett_2009
Apogon novemfasciatus,Apogon,novemfasciatus,-5.464722222,123.7758333,"Hoga Island, southeast Sulawesi, Indonesia",29.31,14,17.7,tmin,"17.33, 20.35",CI,6,critical,loss of equilibrium,0.31,NA,NA,held,Jun-Aug,NA,adult,,,,,Marine,reef and seagrass,wild,Morley,,Nikki,Eme_&_Bennett_2009
Apogon novemfasciatus,Apogon,novemfasciatus,-5.464722222,123.7758333,"Hoga Island, southeast Sulawesi, Indonesia",31.32,14,17.8,tmin,"17.5, 19.83",CI,3,critical,loss of equilibrium,0.31,NA,NA,held,Jun-Aug,NA,adult,,,,,Marine,reef and seagrass,wild,Morley,,Nikki,Eme_&_Bennett_2009
Asellus aquaticus,Asellus,aquaticus,NA,NA,Turku,9,14,30.4,tmax,0.2,SD,16,critical,loss of righting ability,0.2,NA,NA,held,NA,NA,adult,,,,,Freshwater,shallow pond,wild,Morley,,Nikki,Lagerspetz_2003
Asellus aquaticus,Asellus,aquaticus,NA,NA,Turku,22,14,34,tmax,0.1,SD,12,critical,loss of righting ability,0.2,NA,NA,held,NA,NA,adult,,,,,Freshwater,shallow pond,wild,Morley,,Nikki,Lagerspetz_2003
Bathygobius fuscus,Bathygobius,fuscus,-5.464722222,123.7758333,"Hoga Island, southeast Sulawesi, Indonesia",19.83,14,40.1,tmax,"0, 0",CI,6,critical,loss of equilibrium,0.31,NA,NA,held,Jun-Aug,NA,adult,,,,,Marine,reef and seagrass,wild,Morley,,Nikki,Eme_&_Bennett_2009
Bathygobius fuscus,Bathygobius,fuscus,-5.464722222,123.7758333,"Hoga Island, southeast Sulawesi, Indonesia",21.3,14,40.4,tmax,"39.7, 41.18",CI,6,critical,loss of equilibrium,0.31,NA,NA,held,Jun-Aug,NA,adult,,,,,Marine,reef and seagrass,wild,Morley,,Nikki,Eme_&_Bennett_2009
Bathygobius fuscus,Bathygobius,fuscus,-5.464722222,123.7758333,"Hoga Island, southeast Sulawesi, Indonesia",27.09,14,41.6,tmax,"0, 0",CI,6,critical,loss of equilibrium,0.31,NA,NA,held,Jun-Aug,NA,adult,,,,,Marine,reef and seagrass,wild,Morley,,Nikki,Eme_&_Bennett_2009
Bathygobius fuscus,Bathygobius,fuscus,-5.464722222,123.7758333,"Hoga Island, southeast Sulawesi, Indonesia",31.42,14,41.3,tmax," 38.85, 43.84",CI,6,critical,loss of equilibrium,0.31,NA,NA,held,Jun-Aug,NA,adult,,,,,Marine,reef and seagrass,wild,Morley,,Nikki,Eme_&_Bennett_2009
Bathygobius fuscus,Bathygobius,fuscus,-5.464722222,123.7758333,"Hoga Island, southeast Sulawesi, Indonesia",35.65,14,42.4,tmax," 41.8, 43.09",CI,6,critical,loss of equilibrium,0.31,NA,NA,held,Jun-Aug,NA,adult,,,,,Marine,reef and seagrass,wild,Morley,,Nikki,Eme_&_Bennett_2009
Bathygobius fuscus,Bathygobius,fuscus,-5.464722222,123.7758333,"Hoga Island, southeast Sulawesi, Indonesia",19.88,14,9.5,tmin,"11.15, 12.07",CI,6,critical,loss of equilibrium,0.31,NA,NA,held,Jun-Aug,NA,adult,,,,,Marine,reef and seagrass,wild,Morley,,Nikki,Eme_&_Bennett_2009
Bathygobius fuscus,Bathygobius,fuscus,-5.464722222,123.7758333,"Hoga Island, southeast Sulawesi, Indonesia",21.35,14,0.2,tmin,"10.77, 11.79",CI,6,critical,loss of equilibrium,0.31,NA,NA,held,Jun-Aug,NA,adult,,,,,Marine,reef and seagrass,wild,Morley,,Nikki,Eme_&_Bennett_2009
Bathygobius fuscus,Bathygobius,fuscus,-5.464722222,123.7758333,"Hoga Island, southeast Sulawesi, Indonesia",27.05,14,11,tmin,"12.04, 14.53",CI,6,critical,loss of equilibrium,0.31,NA,NA,held,Jun-Aug,NA,adult,,,,,Marine,reef and seagrass,wild,Morley,,Nikki,Eme_&_Bennett_2009
Bathygobius fuscus,Bathygobius,fuscus,-5.464722222,123.7758333,"Hoga Island, southeast Sulawesi, Indonesia",31.38,14,12.3,tmin,"14.17, 15.28",CI,6,critical,loss of equilibrium,0.31,NA,NA,held,Jun-Aug,NA,adult,,,,,Marine,reef and seagrass,wild,Morley,,Nikki,Eme_&_Bennett_2009
Bathygobius fuscus,Bathygobius,fuscus,-5.464722222,123.7758333,"Hoga Island, southeast Sulawesi, Indonesia",35.79,14,13.5,tmin,"15.56, 16.21",CI,6,critical,loss of equilibrium,0.31,NA,NA,held,Jun-Aug,NA,adult,,,,,Marine,reef and seagrass,wild,Morley,,Nikki,Eme_&_Bennett_2009
Dascyllus aruanus,Dascyllus,aruanus,-5.464722222,123.7758333,"Hoga Island, southeast Sulawesi, Indonesia",16.99,14,35.6,tmax,"35.4, 36.78",CI,6,critical,loss of equilibrium,0.31,NA,NA,held,Jun-Aug,NA,adult,,,,,Marine,reef and seagrass,wild,Morley,,Nikki,Eme_&_Bennett_2009
Dascyllus aruanus,Dascyllus,aruanus,-5.464722222,123.7758333,"Hoga Island, southeast Sulawesi, Indonesia",20.53,14,36,tmax,"36.02, 36.97",CI,6,critical,loss of equilibrium,0.31,NA,NA,held,Jun-Aug,NA,adult,,,,,Marine,reef and seagrass,wild,Morley,,Nikki,Eme_&_Bennett_2009
Dascyllus aruanus,Dascyllus,aruanus,-5.464722222,123.7758333,"Hoga Island, southeast Sulawesi, Indonesia",25.04,14,38,tmax,"38.02, 39.05",CI,6,critical,loss of equilibrium,0.31,NA,NA,held,Jun-Aug,NA,adult,,,,,Marine,reef and seagrass,wild,Morley,,Nikki,Eme_&_Bennett_2009
Dascyllus aruanus,Dascyllus,aruanus,-5.464722222,123.7758333,"Hoga Island, southeast Sulawesi, Indonesia",29.31,14,40,tmax,"40.19, 40.96",CI,6,critical,loss of equilibrium,0.31,NA,NA,held,Jun-Aug,NA,adult,,,,,Marine,reef and seagrass,wild,Morley,,Nikki,Eme_&_Bennett_2009
Dascyllus aruanus,Dascyllus,aruanus,-5.464722222,123.7758333,"Hoga Island, southeast Sulawesi, Indonesia",31.32,14,40.5,tmax,"40.54, 41.75",CI,6,critical,loss of equilibrium,0.31,NA,NA,held,Jun-Aug,NA,adult,,,,,Marine,reef and seagrass,wild,Morley,,Nikki,Eme_&_Bennett_2009
Dascyllus aruanus,Dascyllus,aruanus,-5.464722222,123.7758333,"Hoga Island, southeast Sulawesi, Indonesia",17.31,14,12,tmin,"12.47, 13.59",CI,6,critical,loss of equilibrium,0.31,NA,NA,held,Jun-Aug,NA,adult,,,,,Marine,reef and seagrass,wild,Morley,,Nikki,Eme_&_Bennett_2009
Dascyllus aruanus,Dascyllus,aruanus,-5.464722222,123.7758333,"Hoga Island, southeast Sulawesi, Indonesia",20.69,14,13.1,tmin,"13.69, 14.81",CI,6,critical,loss of equilibrium,0.31,NA,NA,held,Jun-Aug,NA,adult,,,,,Marine,reef and seagrass,wild,Morley,,Nikki,Eme_&_Bennett_2009
Dascyllus aruanus,Dascyllus,aruanus,-5.464722222,123.7758333,"Hoga Island, southeast Sulawesi, Indonesia",25.28,14,13.8,tmin,"14.66, 15.26",CI,6,critical,loss of equilibrium,0.31,NA,NA,held,Jun-Aug,NA,adult,,,,,Marine,reef and seagrass,wild,Morley,,Nikki,Eme_&_Bennett_2009
Dascyllus aruanus,Dascyllus,aruanus,-5.464722222,123.7758333,"Hoga Island, southeast Sulawesi, Indonesia",29.63,14,16.1,tmin,"16.31, 18.21",CI,6,critical,loss of equilibrium,0.31,NA,NA,held,Jun-Aug,NA,adult,,,,,Marine,reef and seagrass,wild,Morley,,Nikki,Eme_&_Bennett_2009
Dascyllus aruanus,Dascyllus,aruanus,-5.464722222,123.7758333,"Hoga Island, southeast Sulawesi, Indonesia",31.56,14,16.3,tmin,"17.01, 17.87",CI,6,critical,loss of equilibrium,0.31,NA,NA,held,Jun-Aug,NA,adult,,,,,Marine,reef and seagrass,wild,Morley,,Nikki,Eme_&_Bennett_2009
Notothenia coriiceps,Notothenia,coriiceps,-77,NA,"McCurdo Sound, Antarctica",4,14,17.39,tmax,1.2,SD,12,critical,loss of equilibrium,0.3,NA,NA,held,Oct-Nov,NA,adult,,,,,Marine,shallow water,wild,Morley,,Nikki,Bilyk_&_DeVries_2011
Pagothenia borchgrevinki,Pagothenia,borchgrevinki,-77,NA,"McCurdo Sound, Antarctica",4,21,15.19,tmax,1.28,SD,12,critical,loss of equilibrium,0.3,NA,NA,held,Oct-Nov,NA,adult,,,,,Marine,shallow water,wild,Morley,,Nikki,Bilyk_&_DeVries_2011
Notothenia coriiceps,Notothenia,coriiceps,-77,NA,"McCurdo Sound, Antarctica",-1.9,14,16.17,tmax,1.4,SD,20,critical,loss of equilibrium,0.3,NA,NA,held,Oct-Nov,NA,adult,,,,,Marine,shallow water,wild,Morley,,Nikki,Bilyk_&_DeVries_2011
Pagothenia borchgrevinki,Pagothenia,borchgrevinki,-77,NA,"McCurdo Sound, Antarctica",-1.9,21,11.95,tmax,0.9,SD,20,critical,loss of equilibrium,0.3,NA,NA,held,Oct-Nov,NA,adult,,,,,Marine,shallow water,wild,Morley,,Nikki,Bilyk_&_DeVries_2011
Campostoma anomalum,Campostoma,anomalum,39.51666667,-84.70833333,"Harker's Run, Ohio",7.5,14,28.8,tmax,NA,NA,05-Mar,critical,loss of equilibrium,1,NA,NA,held,Oct-Jul,NA,adult,,,,,Freshwater,stream,wild,Morley,,Nikki,Chagnon_&_Hlohowskyj_1989
Campostoma anomalum,Campostoma,anomalum,39.51666667,-84.70833333,"Harker's Run, Ohio",23,14,35.8,tmax,NA,NA,05-Mar,critical,loss of equilibrium,1,NA,NA,held,Oct-Jul,NA,adult,,,,,Freshwater,stream,wild,Morley,,Nikki,Chagnon_&_Hlohowskyj_1989
Orconectes rusticus,Orconectes,rusticus,NA,NA,"Indian Creek, Butler County, Ohio",5,6,34.2,tmax,NA,NA,,critical,loss of righting ability,0.6,NA,NA,held,NA,NA,adult,,,,,Freshwater,creek,wild,Morley,,Nikki,Claussen_1980
Orconectes rusticus,Orconectes,rusticus,NA,NA,"Indian Creek, Butler County, Ohio",15,6,35.61,tmax,NA,NA,,critical,loss of righting ability,0.6,NA,NA,held,NA,NA,adult,,,,,Freshwater,creek,wild,Morley,,Nikki,Claussen_1980
Orconectes rusticus,Orconectes,rusticus,NA,NA,"Indian Creek, Butler County, Ohio",25,5,38.41,tmax,NA,NA,,critical,loss of righting ability,0.6,NA,NA,held,NA,NA,adult,,,,,Freshwater,creek,wild,Morley,,Nikki,Claussen_1980
Orconectes rusticus,Orconectes,rusticus,NA,NA,"Indian Creek, Butler County, Ohio",35,4,41.47,tmax,NA,NA,,critical,loss of righting ability,0.6,NA,NA,held,NA,NA,adult,,,,,Freshwater,creek,wild,Morley,,Nikki,Claussen_1980
Cancer pagurus,Cancer,pagurus,NA,NA,"North Sea, near Hartlepool, Co. Durham",8,21,31.8,tmax,0.27,SE,9,critical,loss of righting ability,0.2,NA,NA,held,Jul,NA,adult,,,,,Marine,sea,wild,Morley,,Nikki,Cuculescu_&_Bowler_1998
Cancer pagurus,Cancer,pagurus,NA,NA,"North Sea, near Hartlepool, Co. Durham",22,21,35.4,tmax,0.26,SE,12,critical,loss of righting ability,0.2,NA,NA,held,Jul,NA,adult,,,,,Marine,sea,wild,Morley,,Nikki,Cuculescu_&_Bowler_1998
Cancer pagurus,Cancer,pagurus,NA,NA,"North Sea, near Hartlepool, Co. Durham",8,21,33.5,tmax,0.5,SE,4,critical,loss of righting ability,0.2,NA,NA,held,Nov,NA,adult,,,,,Marine,sea,wild,Morley,,Nikki,Cuculescu_&_Bowler_1998
Cancer pagurus,Cancer,pagurus,NA,NA,"North Sea, near Hartlepool, Co. Durham",22,21,35.8,tmax,0.11,SE,6,critical,loss of righting ability,0.2,NA,NA,held,Nov,NA,adult,,,,,Marine,sea,wild,Morley,,Nikki,Cuculescu_&_Bowler_1998
Cancer pagurus,Cancer,pagurus,NA,NA,"North Sea, near Hartlepool, Co. Durham",8,21,31.3,tmax,0.24,SE,6,critical,loss of righting ability,0.2,NA,NA,held,Jan,NA,adult,,,,,Marine,sea,wild,Morley,,Nikki,Cuculescu_&_Bowler_1998
Cancer pagurus,Cancer,pagurus,NA,NA,"North Sea, near Hartlepool, Co. Durham",15,7,32.5,tmax,0.2,SE,5,critical,loss of righting ability,0.2,NA,NA,held,Jan,NA,adult,,,,,Marine,sea,wild,Morley,,Nikki,Cuculescu_&_Bowler_1998
Gibbonsia montereyensis,Gibbonsia,montereyensis,NA,NA,Point Conception,15.2,NA,27.3,tmax,NA,NA,1,critical,loss of operculum movement ,0.07,NA,NA,ff,Nov,NA,adult,,,,,Marine,intertidal,wild,Morley,,Nikki,Davis_1977
Gibbonsia montereyensis,Gibbonsia,montereyensis,NA,NA,San Simeon Field,12.8,NA,28.1,tmax,0.28,CI,8,critical,loss of operculum movement ,0.07,NA,NA,ff,Nov,NA,adult,,,,,Marine,intertidal,wild,Morley,,Nikki,Davis_1977
Gibbonsia montereyensis,Gibbonsia,montereyensis,NA,NA,San Simeon Field,15,NA,27.7,tmax,0.17,CI,8,critical,loss of operculum movement ,0.07,NA,NA,ff,Feb,NA,adult,,,,,Marine,intertidal,wild,Morley,,Nikki,Davis_1977
Gibbonsia montereyensis,Gibbonsia,montereyensis,NA,NA,San Simeon Field,10,NA,26.7,tmax,0.3,CI,8,critical,loss of operculum movement ,0.07,NA,NA,ff,May,NA,adult,,,,,Marine,intertidal,wild,Morley,,Nikki,Davis_1977
Gibbonsia montereyensis,Gibbonsia,montereyensis,NA,NA,San Simeon Field,12.5,NA,26.8,tmax,0.43,CI,7,critical,loss of operculum movement ,0.07,NA,NA,ff,Jul,NA,adult,,,,,Marine,intertidal,wild,Morley,,Nikki,Davis_1977
Gibbonsia montereyensis,Gibbonsia,montereyensis,NA,NA,San Simeon Field,14,NA,27.8,tmax,0.41,CI,8,critical,loss of operculum movement ,0.07,NA,NA,ff,Nov,NA,adult,,,,,Marine,intertidal,wild,Morley,,Nikki,Davis_1977
Gibbonsia montereyensis,Gibbonsia,montereyensis,NA,NA,Point Conception,10,21,27.4,tmax,0.58,CI,4,critical,loss of operculum movement ,0.07,NA,NA,held,Nov,NA,adult,,,,,Marine,intertidal,wild,Morley,,Nikki,Davis_1977
Gibbonsia montereyensis,Gibbonsia,montereyensis,NA,NA,Point Conception,10,21,27.2,tmax,0.52,CI,6,critical,loss of operculum movement ,0.07,NA,NA,held,Feb,NA,adult,,,,,Marine,intertidal,wild,Morley,,Nikki,Davis_1977
Gibbonsia montereyensis,Gibbonsia,montereyensis,NA,NA,Point Conception,10,21,26.2,tmax,0.09,CI,4,critical,loss of operculum movement ,0.07,NA,NA,held,Jul,NA,adult,,,,,Marine,intertidal,wild,Morley,,Nikki,Davis_1977
Gibbonsia montereyensis,Gibbonsia,montereyensis,NA,NA,Point Conception,20,21,30.1,tmax,NA,NA,1,critical,loss of operculum movement ,0.07,NA,NA,held,Feb,NA,adult,,,,,Marine,intertidal,wild,Morley,,Nikki,Davis_1977
Gibbonsia montereyensis,Gibbonsia,montereyensis,NA,NA,Point Conception,20,21,29.9,tmax,0.57,CI,4,critical,loss of operculum movement ,0.07,NA,NA,held,May,NA,adult,,,,,Marine,intertidal,wild,Morley,,Nikki,Davis_1977
Gibbonsia montereyensis,Gibbonsia,montereyensis,NA,NA,Point Conception,15.2,NA,3.3,tmin,1.42,CI,3,critical,loss of operculum movement ,0.05,NA,NA,ff,Nov,NA,adult,,,,,Marine,intertidal,wild,Morley,,Nikki,Davis_1977
Gibbonsia montereyensis,Gibbonsia,montereyensis,NA,NA,San Simeon Field,12.8,NA,3.7,tmin,0.09,CI,7,critical,loss of operculum movement ,0.05,NA,NA,ff,Nov,NA,adult,,,,,Marine,intertidal,wild,Morley,,Nikki,Davis_1977
Gibbonsia montereyensis,Gibbonsia,montereyensis,NA,NA,San Simeon Field,15,NA,4.1,tmin,0.11,CI,8,critical,loss of operculum movement ,0.05,NA,NA,ff,Feb,NA,adult,,,,,Marine,intertidal,wild,Morley,,Nikki,Davis_1977
Gibbonsia montereyensis,Gibbonsia,montereyensis,NA,NA,San Simeon Field,10,NA,3,tmin,0.1,CI,7,critical,loss of operculum movement ,0.05,NA,NA,ff,May,NA,adult,,,,,Marine,intertidal,wild,Morley,,Nikki,Davis_1977
Gibbonsia montereyensis,Gibbonsia,montereyensis,NA,NA,San Simeon Field,12.5,NA,3.5,tmin,0.1,CI,7,critical,loss of operculum movement ,0.05,NA,NA,ff,Jul,NA,adult,,,,,Marine,intertidal,wild,Morley,,Nikki,Davis_1977
Gibbonsia montereyensis,Gibbonsia,montereyensis,NA,NA,San Simeon Field,14,NA,3.9,tmin,0.6,CI,8,critical,loss of operculum movement ,0.05,NA,NA,ff,Nov,NA,adult,,,,,Marine,intertidal,wild,Morley,,Nikki,Davis_1977
Gibbonsia montereyensis,Gibbonsia,montereyensis,NA,NA,Point Conception,10,21,2.5,tmin,0.86,CI,6,critical,loss of operculum movement ,0.05,NA,NA,held,Feb,NA,adult,,,,,Marine,intertidal,wild,Morley,,Nikki,Davis_1977
Gibbonsia montereyensis,Gibbonsia,montereyensis,NA,NA,Point Conception,10,21,3.2,tmin,0.16,CI,4,critical,loss of operculum movement ,0.05,NA,NA,held,Jul,NA,adult,,,,,Marine,intertidal,wild,Morley,,Nikki,Davis_1977
Gibbonsia montereyensis,Gibbonsia,montereyensis,NA,NA,Point Conception,20,21,6,tmin,NA,NA,1,critical,loss of operculum movement ,0.05,NA,NA,held,Feb,NA,adult,,,,,Marine,intertidal,wild,Morley,,Nikki,Davis_1977
Gibbonsia montereyensis,Gibbonsia,montereyensis,NA,NA,Point Conception,20,21,5.7,tmin,1.01,CI,4,critical,loss of operculum movement ,0.05,NA,NA,held,May,NA,adult,,,,,Marine,intertidal,wild,Morley,,Nikki,Davis_1977
Plethodon cinereus,Plethodon,cinereus,NA,NA,"Tompkins, New York, USA",5,NA,28.33,tmax,0.65,SD,12,critical,loss of righting ability,0.5-1,NA,NA,held,Jun-Oct,NA,adult,,,,,Terrestrial,,wild,Morley,,Nikki,Harvey_&_Pough_1975
Plethodon cinereus,Plethodon,cinereus,NA,NA,"Tompkins, New York, USA",15,NA,29.97,tmax,0.46,SD,12,critical,loss of righting ability,0.5-1,NA,NA,held,Jun-Oct,NA,adult,,,,,Terrestrial,,wild,Morley,,Nikki,Harvey_&_Pough_1975
Plethodon cinereus,Plethodon,cinereus,NA,NA,"Tompkins, New York, USA",25,NA,31.83,tmax,0.23,SD,12,critical,loss of righting ability,0.5-1,NA,NA,held,Jun-Oct,NA,adult,,,,,Terrestrial,,wild,Morley,,Nikki,Harvey_&_Pough_1975
Plethodon cinereus,Plethodon,cinereus,NA,NA,"Tompkins, New York, USA",5,NA,29.09,tmax,0.77,SD,12,critical,onset of spasm,0.5-1,NA,NA,held,Jun-Oct,NA,adult,,,,,Terrestrial,,wild,Morley,,Nikki,Harvey_&_Pough_1975
Plethodon cinereus,Plethodon,cinereus,NA,NA,"Tompkins, New York, USA",15,NA,30.67,tmax,0.58,SD,12,critical,onset of spasm,0.5-1,NA,NA,held,Jun-Oct,NA,adult,,,,,Terrestrial,,wild,Morley,,Nikki,Harvey_&_Pough_1975
Plethodon cinereus,Plethodon,cinereus,NA,NA,"Tompkins, New York, USA",25,NA,32.53,tmax,0.36,SD,12,critical,onset of spasm,0.5-1,NA,NA,held,Jun-Oct,NA,adult,,,,,Terrestrial,,wild,Morley,,Nikki,Harvey_&_Pough_1975
Plethodon cinereus,Plethodon,cinereus,NA,NA,"Tompkins, New York, USA",5,NA,30.22,tmax,0.66,SD,12,critical,appearance of rigour,0.5-1,NA,NA,held,Jun-Oct,NA,adult,,,,,Terrestrial,,wild,Morley,,Nikki,Harvey_&_Pough_1975
Plethodon cinereus,Plethodon,cinereus,NA,NA,"Tompkins, New York, USA",15,NA,31.56,tmax,0.47,SD,12,critical,appearance of rigour,0.5-1,NA,NA,held,Jun-Oct,NA,adult,,,,,Terrestrial,,wild,Morley,,Nikki,Harvey_&_Pough_1975
Plethodon cinereus,Plethodon,cinereus,NA,NA,"Tompkins, New York, USA",25,NA,33.66,tmax,0.31,SD,12,critical,appearance of rigour,0.5-1,NA,NA,held,Jun-Oct,NA,adult,,,,,Terrestrial,,wild,Morley,,Nikki,Harvey_&_Pough_1975
Elliptio complanata,Elliptio,complanata,NA,NA,"Pine Creek, Pennsylvania, USA",15,7,42.7,tmax,0.6,SE,6,critical,onset of gaping,0.35,NA,NA,held,Aug-Oct,NA,adult,,,,,Marine,intertidal,wild,Morley,,Nikki,Gailbraith_et_al_2012
Elliptio complanata,Elliptio,complanata,NA,NA,"Pine Creek, Pennsylvania, USA",25,7,41.4,tmax,0.6,SE,6,critical,onset of gaping,0.35,NA,NA,held,Aug-Oct,NA,adult,,,,,Marine,intertidal,wild,Morley,,Nikki,Gailbraith_et_al_2012
Elliptio complanata,Elliptio,complanata,NA,NA,"Pine Creek, Pennsylvania, USA",15,7,40.3,tmax,0.4,SE,6,critical,onset of gaping,0.35,NA,NA,held,Aug-Oct,NA,adult,,,,,Marine,intertidal,wild,Morley,,Nikki,Gailbraith_et_al_2012
Elliptio complanata,Elliptio,complanata,NA,NA,"Pine Creek, Pennsylvania, USA",25,7,41.6,tmax,0.2,SE,5,critical,onset of gaping,0.35,NA,NA,held,Aug-Oct,NA,adult,,,,,Marine,intertidal,wild,Morley,,Nikki,Gailbraith_et_al_2012
Orchestia gammarellus,Orchestia,gammarellus,64.019722,-22.155278,Hvassahraun,11,10,35.9,tmax,0.5,SD,20-30,critical,death,1,NA,NA,held,Jul,NA,adult,,,,,Marine,intertidal,wild,Morley,,Nikki,Gailbraith_et_al_2012
Orchestia gammarellus,Orchestia,gammarellus,64.019722,-22.155278,Hvassahraun,17,10,37.9,tmax,0.4,SD,20-30,critical,death,1,NA,NA,held,Jul,NA,adult,,,,,Marine,intertidal,wild,Morley,,Nikki,Morritt_&_Ingolfsson_2000
Orchestia gammarellus,Orchestia,gammarellus,64.019722,-22.155278,Hvassahraun,22,10,37.9,tmax,0.3,SD,20-30,critical,death,1,NA,NA,held,Jul,NA,adult,,,,,Marine,intertidal,wild,Morley,,Nikki,Morritt_&_Ingolfsson_2000
Orchestia gammarellus,Orchestia,gammarellus,63.797778,-22.72,Reykjanestjorn,11,10,36.7,tmax,0.3,SD,20-30,critical,death,1,NA,NA,held,Jul,NA,adult,,,,,Marine,intertidal,wild,Morley,,Nikki,Morritt_&_Ingolfsson_2000
Orchestia gammarellus,Orchestia,gammarellus,63.797778,-22.72,Reykjanestjorn,17,10,37.7,tmax,0.3,SD,20-30,critical,death,1,NA,NA,held,Jul,NA,adult,,,,,Marine,intertidal,wild,Morley,,Nikki,Morritt_&_Ingolfsson_2000
Orchestia gammarellus,Orchestia,gammarellus,65.821111,-22.488611,Bjarnarstadir,11,10,36.3,tmax,0.3,SD,20-30,critical,death,1,NA,NA,held,Jul,NA,adult,,,,,Marine,intertidal,wild,Morley,,Nikki,Morritt_&_Ingolfsson_2000
Orchestia gammarellus,Orchestia,gammarellus,65.821111,-22.488611,Bjarnarstadir,22,10,37.9,tmax,0.2,SD,20-30,critical,death,1,NA,NA,held,Jul,NA,adult,,,,,Marine,intertidal,wild,Morley,,Nikki,Morritt_&_Ingolfsson_2000
Orchestia gammarellus,Orchestia,gammarellus,65.923611,-22.431389,Reykjanes,11,10,37.1,tmax,0.5,SD,20-30,critical,death,1,NA,NA,held,Jul,NA,adult,,,,,Marine,intertidal,wild,Morley,,Nikki,Morritt_&_Ingolfsson_2000
Orchestia gammarellus,Orchestia,gammarellus,65.923611,-22.431389,Reykjanes,22,10,38.6,tmax,0.3,SD,20-30,critical,death,1,NA,NA,held,Jul,NA,adult,,,,,Marine,intertidal,wild,Morley,,Nikki,Morritt_&_Ingolfsson_2000
Etheostoma blennioides,Etheostoma,blennioides,NA,NA,"Indian and Lost Creek, Ohio, USA",10,14-21,29.99,tmax,0.44,SD,8,critical,loss of equilibrium,1,NA,NA,held,Jul,NA,adult,,,,,Freshwater,creek,wild,Morley,,Nikki,Hlohowskyj_&_Wissing_1985
Etheostoma flabellare,Etheostoma,flabellare,NA,NA,"Indian and Lost Creek, Ohio, USA",10,14-21,30.28,tmax,0.89,SD,8,critical,loss of equilibrium,1,NA,NA,held,Jul,NA,adult,,,,,Freshwater,creek,wild,Morley,,Nikki,Hlohowskyj_&_Wissing_1985
Etheostoma caeruleum,Etheostoma,caeruleum,NA,NA,"Indian and Lost Creek, Ohio, USA",10,14-21,30.6,tmax,1.37,SD,27,critical,loss of equilibrium,1,NA,NA,held,Jul,NA,adult,,,,,Freshwater,creek,wild,Morley,,Nikki,Hlohowskyj_&_Wissing_1985
Etheostoma blennioides,Etheostoma,blennioides,NA,NA,"Indian and Lost Creek, Ohio, USA",10,14-21,31.47,tmax,1.65,SD,9,critical,loss of equilibrium,1,NA,NA,held,Oct,NA,adult,,,,,Freshwater,creek,wild,Morley,,Nikki,Hlohowskyj_&_Wissing_1985
Etheostoma caeruleum,Etheostoma,caeruleum,NA,NA,"Indian and Lost Creek, Ohio, USA",10,14-21,32.07,tmax,0.71,SD,11,critical,loss of equilibrium,1,NA,NA,held,Oct,NA,adult,,,,,Freshwater,creek,wild,Morley,,Nikki,Hlohowskyj_&_Wissing_1985
Etheostoma blennioides,Etheostoma,blennioides,NA,NA,"Indian and Lost Creek, Ohio, USA",10,14-21,32.97,tmax,0.59,SD,20,critical,loss of equilibrium,1,NA,NA,held,Dec,NA,adult,,,,,Freshwater,creek,wild,Morley,,Nikki,Hlohowskyj_&_Wissing_1985
Etheostoma flabellare,Etheostoma,flabellare,NA,NA,"Indian and Lost Creek, Ohio, USA",10,14-21,33.22,tmax,0.78,SD,12,critical,loss of equilibrium,1,NA,NA,held,Dec,NA,adult,,,,,Freshwater,creek,wild,Morley,,Nikki,Hlohowskyj_&_Wissing_1985
Etheostoma caeruleum,Etheostoma,caeruleum,NA,NA,"Indian and Lost Creek, Ohio, USA",10,14-21,33.53,tmax,0.59,SD,10,critical,loss of equilibrium,1,NA,NA,held,Dec,NA,adult,,,,,Freshwater,creek,wild,Morley,,Nikki,Hlohowskyj_&_Wissing_1985
Etheostoma blennioides,Etheostoma,blennioides,NA,NA,"Indian and Lost Creek, Ohio, USA",10,14-21,34.41,tmax,0.71,SD,10,critical,loss of equilibrium,1,NA,NA,held,May,NA,adult,,,,,Freshwater,creek,wild,Morley,,Nikki,Hlohowskyj_&_Wissing_1985
Etheostoma flabellare,Etheostoma,flabellare,NA,NA,"Indian and Lost Creek, Ohio, USA",10,14-21,34.69,tmax,0.66,SD,5,critical,loss of equilibrium,1,NA,NA,held,May,NA,adult,,,,,Freshwater,creek,wild,Morley,,Nikki,Hlohowskyj_&_Wissing_1985
Etheostoma caeruleum,Etheostoma,caeruleum,NA,NA,"Indian and Lost Creek, Ohio, USA",10,14-21,34.98,tmax,1.46,SD,18,critical,loss of equilibrium,1,NA,NA,held,May,NA,adult,,,,,Freshwater,creek,wild,Morley,,Nikki,Hlohowskyj_&_Wissing_1985
Etheostoma blennioides,Etheostoma,blennioides,NA,NA,"Indian and Lost Creek, Ohio, USA",20,14-21,34.52,tmax,0.68,SD,10,critical,loss of equilibrium,1,NA,NA,held,Jul,NA,adult,,,,,Freshwater,creek,wild,Morley,,Nikki,Hlohowskyj_&_Wissing_1985
Etheostoma flabellare,Etheostoma,flabellare,NA,NA,"Indian and Lost Creek, Ohio, USA",20,14-21,34.91,tmax,0.57,SD,5,critical,loss of equilibrium,1,NA,NA,held,Jul,NA,adult,,,,,Freshwater,creek,wild,Morley,,Nikki,Hlohowskyj_&_Wissing_1985
Etheostoma caeruleum,Etheostoma,caeruleum,NA,NA,"Indian and Lost Creek, Ohio, USA",20,14-21,34.08,tmax,0.38,SD,30,critical,loss of equilibrium,1,NA,NA,held,Jul,NA,adult,,,,,Freshwater,creek,wild,Morley,,Nikki,Hlohowskyj_&_Wissing_1985
Etheostoma blennioides,Etheostoma,blennioides,NA,NA,"Indian and Lost Creek, Ohio, USA",20,14-21,32.24,tmax,0.79,SD,10,critical,loss of equilibrium,1,NA,NA,held,Oct,NA,adult,,,,,Freshwater,creek,wild,Morley,,Nikki,Hlohowskyj_&_Wissing_1985
Etheostoma flabellare,Etheostoma,flabellare,NA,NA,"Indian and Lost Creek, Ohio, USA",20,14-21,32.81,tmax,0.56,SD,10,critical,loss of equilibrium,1,NA,NA,held,Oct,NA,adult,,,,,Freshwater,creek,wild,Morley,,Nikki,Hlohowskyj_&_Wissing_1985
Etheostoma caeruleum,Etheostoma,caeruleum,NA,NA,"Indian and Lost Creek, Ohio, USA",20,14-21,32.77,tmax,0.47,SD,8,critical,loss of equilibrium,2,NA,NA,held,Nov,NA,adult,,,,,Freshwater,creek,wild,Morley,,Nikki,Hlohowskyj_&_Wissing_1985
Etheostoma blennioides,Etheostoma,blennioides,NA,NA,"Indian and Lost Creek, Ohio, USA",20,14-21,32.65,tmax,0.52,SD,13,critical,loss of equilibrium,1,NA,NA,held,Dec,NA,adult,,,,,Freshwater,creek,wild,Morley,,Nikki,Hlohowskyj_&_Wissing_1985
Etheostoma flabellare,Etheostoma,flabellare,NA,NA,"Indian and Lost Creek, Ohio, USA",20,14-21,33,tmax,0.74,SD,15,critical,loss of equilibrium,1,NA,NA,held,Dec,NA,adult,,,,,Freshwater,creek,wild,Morley,,Nikki,Hlohowskyj_&_Wissing_1985
Etheostoma caeruleum,Etheostoma,caeruleum,NA,NA,"Indian and Lost Creek, Ohio, USA",20,14-21,32.67,tmax,1.49,SD,9,critical,loss of equilibrium,1,NA,NA,held,Dec,NA,adult,,,,,Freshwater,creek,wild,Morley,,Nikki,Hlohowskyj_&_Wissing_1985
Etheostoma blennioides,Etheostoma,blennioides,NA,NA,"Indian and Lost Creek, Ohio, USA",20,14-21,33.31,tmax,0.68,SD,17,critical,loss of equilibrium,1,NA,NA,held,May,NA,adult,,,,,Freshwater,creek,wild,Morley,,Nikki,Hlohowskyj_&_Wissing_1985
Etheostoma flabellare,Etheostoma,flabellare,NA,NA,"Indian and Lost Creek, Ohio, USA",20,14-21,34.24,tmax,0.74,SD,14,critical,loss of equilibrium,1,NA,NA,held,May,NA,adult,,,,,Freshwater,creek,wild,Morley,,Nikki,Hlohowskyj_&_Wissing_1985
Etheostoma caeruleum,Etheostoma,caeruleum,NA,NA,"Indian and Lost Creek, Ohio, USA",20,14-21,32.58,tmax,1.08,SD,39,critical,loss of equilibrium,1,NA,NA,held,May,NA,adult,,,,,Freshwater,creek,wild,Morley,,Nikki,Hlohowskyj_&_Wissing_1985
Saduria entomon,Saduria,entomon,NA,NA,"Ryma_ttylä and Seili archipelago, Turkeyi",4,14-Jul,26.4,tmax,0.7,SE,NA,critical,loss of righting ability,0.2,NA,NA,held,Feb/Sep,NA,adult,,,,,Marine,intertidal,wild,Morley,,Nikki,Kivivuori_&_Lagerspetz_1990
Saduria entomon,Saduria,entomon,NA,NA,"Ryma_ttylä and Seili archipelago, Turkeyi",14,7,27.5,tmax,0.6,SE,NA,critical,loss of righting ability,0.2,NA,NA,held,Feb/Sep,NA,adult,,,,,Marine,intertidal,wild,Morley,,Nikki,Kivivuori_&_Lagerspetz_1990
Saduria entomon,Saduria,entomon,NA,NA,"Ryma_ttylä and Seili archipelago, Turkeyi",14,14,27.3,tmax,1,SE,NA,critical,loss of righting ability,0.2,NA,NA,held,Feb/Sep,NA,adult,,,,,Marine,intertidal,wild,Morley,,Nikki,Kivivuori_&_Lagerspetz_1990
Saduria entomon,Saduria,entomon,NA,NA,"Ryma_ttylä and Seili archipelago, Turkeyi",4,120,26,tmax,1.8,SE,NA,critical,loss of righting ability,0.2,NA,NA,held,Feb/Sep,NA,adult,,,,,Marine,intertidal,wild,Morley,,Nikki,Kivivuori_&_Lagerspetz_1990
Palaemon elegans,Palaemon,elegans,50.356989,-4.126444,"Mt Batten, English Channel",10,7,30.55,tmax,0.27,SE,20,critical,onset of spasm,0.015,NA,NA,held,Jun,NA,adult,,,,,Marine,intertidal,wild,Morley,,Nikki,Magozzi_&_Calosi_2014
Palaemon elegans,Palaemon,elegans,50.356989,-4.126444,"Mt Batten, English Channel",15,7,32.86,tmax,0.36,SE,20,critical,onset of spasm,0.015,NA,NA,held,Jun,NA,adult,,,,,Marine,intertidal,wild,Morley,,Nikki,Magozzi_&_Calosi_2015
Palaemon elegans,Palaemon,elegans,50.356989,-4.126444,"Mt Batten, English Channel",20,7,34.46,tmax,0.44,SE,20,critical,onset of spasm,0.015,NA,NA,held,Jun,NA,adult,,,,,Marine,intertidal,wild,Morley,,Nikki,Magozzi_&_Calosi_2016
Palaemon elegans,Palaemon,elegans,50.356989,-4.126444,"Mt Batten, English Channel",25,7,35,tmax,0.35,SE,20,critical,onset of spasm,0.015,NA,NA,held,Jun,NA,adult,,,,,Marine,intertidal,wild,Morley,,Nikki,Magozzi_&_Calosi_2017
Palaemon serratus,Palaemon,serratus,50.352533,-4.132247,"Plymouth Sound, English Channel",10,7,28.72,tmax,0.45,SE,8,critical,onset of spasm,0.015,NA,NA,held,Mar,NA,adult,,,,,Marine,intertidal,wild,Morley,,Nikki,Magozzi_&_Calosi_2018
Palaemon serratus,Palaemon,serratus,50.352533,-4.132247,"Plymouth Sound, English Channel",15,7,32.01,tmax,0.35,SE,8,critical,onset of spasm,0.015,NA,NA,held,Mar,NA,adult,,,,,Marine,intertidal,wild,Morley,,Nikki,Magozzi_&_Calosi_2019
Palaemon serratus,Palaemon,serratus,50.352533,-4.132247,"Plymouth Sound, English Channel",20,7,33.07,tmax,0.71,SE,8,critical,onset of spasm,0.015,NA,NA,held,Mar,NA,adult,,,,,Marine,intertidal,wild,Morley,,Nikki,Magozzi_&_Calosi_2020
Palaemon serratus,Palaemon,serratus,50.352533,-4.132247,"Plymouth Sound, English Channel",25,7,33.52,tmax,0.8,SE,8,critical,onset of spasm,0.015,NA,NA,held,Mar,NA,adult,,,,,Marine,intertidal,wild,Morley,,Nikki,Magozzi_&_Calosi_2021
Palaemonetes varians,Palaemonetes,varians,50.738917,-1.537833,"Lymington salt marsh, English Channel",10,7,32.38,tmax,0,SE,25,critical,onset of spasm,0.015,NA,NA,held,Jun,NA,adult,,,,,Marine,intertidal,wild,Morley,,Nikki,Magozzi_&_Calosi_2022
Palaemonetes varians,Palaemonetes,varians,50.738917,-1.537833,"Lymington salt marsh, English Channel",15,7,33.71,tmax,0.26,SE,25,critical,onset of spasm,0.015,NA,NA,held,Jun,NA,adult,,,,,Marine,intertidal,wild,Morley,,Nikki,Magozzi_&_Calosi_2023
Palaemonetes varians,Palaemonetes,varians,50.738917,-1.537833,"Lymington salt marsh, English Channel",20,7,34.07,tmax,0.17,SE,25,critical,onset of spasm,0.015,NA,NA,held,Jun,NA,adult,,,,,Marine,intertidal,wild,Morley,,Nikki,Magozzi_&_Calosi_2024
Palaemonetes varians,Palaemonetes,varians,50.738917,-1.537833,"Lymington salt marsh, English Channel",25,7,36.02,tmax,0.27,SE,25,critical,onset of spasm,0.015,NA,NA,held,Jun,NA,adult,,,,,Marine,intertidal,wild,Morley,,Nikki,Magozzi_&_Calosi_2025
Crangon crangon,Crangon,crangon,50.363689,-4.186997,"Plymouth Sound, English Channel",10,7,31.86,tmax,0.09,SE,28,critical,onset of spasm,0.015,NA,NA,held,Mar,NA,adult,,,,,Marine,intertidal,wild,Morley,,Nikki,Magozzi_&_Calosi_2026
Crangon crangon,Crangon,crangon,50.363689,-4.186997,"Plymouth Sound, English Channel",15,7,33.46,tmax,0.09,SE,28,critical,onset of spasm,0.015,NA,NA,held,Mar,NA,adult,,,,,Marine,intertidal,wild,Morley,,Nikki,Magozzi_&_Calosi_2027
Crangon crangon,Crangon,crangon,50.363689,-4.186997,"Plymouth Sound, English Channel",20,7,35.41,tmax,0.27,SE,28,critical,onset of spasm,0.015,NA,NA,held,Mar,NA,adult,,,,,Marine,intertidal,wild,Morley,,Nikki,Magozzi_&_Calosi_2028
Crangon crangon,Crangon,crangon,50.363689,-4.186997,"Plymouth Sound, English Channel",25,7,34.44,tmax,0.62,SE,28,critical,onset of spasm,0.015,NA,NA,held,Mar,NA,adult,,,,,Marine,intertidal,wild,Morley,,Nikki,Magozzi_&_Calosi_2029
Pandalus montagui,Pandalus,montagui,51.492167,0.848306,Outer Thames Estuary,10,7,24.87,tmax,0.36,SE,8,critical,onset of spasm,0.015,NA,NA,held,May,NA,adult,,,,,Marine,intertidal,wild,Morley,,Nikki,Magozzi_&_Calosi_2030
Pandalus montagui,Pandalus,montagui,51.492167,0.848306,Outer Thames Estuary,15,7,27.89,tmax,0.27,SE,8,critical,onset of spasm,0.015,NA,NA,held,May,NA,adult,,,,,Marine,intertidal,wild,Morley,,Nikki,Magozzi_&_Calosi_2031
Pandalus montagui,Pandalus,montagui,51.492167,0.848306,Outer Thames Estuary,20,7,27.72,tmax,0.71,SE,8,critical,onset of spasm,0.015,NA,NA,held,May,NA,adult,,,,,Marine,intertidal,wild,Morley,,Nikki,Magozzi_&_Calosi_2032
Palaemonetes varians,Palaemonetes,varians,NA,NA,"Lymington salt marshes (Hampshire, UK) ",15,30,30.6,tmax,NA,NA,30,critical,loss of equilibrium,0.26,NA,NA,held,Oct,NA,adult,,,,,Marine,salt marsh,wild,Morley,,Nikki,New_et_al_2014
Palaemonetes varians,Palaemonetes,varians,NA,NA,"Lymington salt marshes (Hampshire, UK) ",5,3,29.6,tmax,NA,NA,30,critical,loss of equilibrium,0.26,NA,NA,held,Oct,NA,adult,,,,,Marine,salt marsh,wild,Morley,,Nikki,New_et_al_2014
Portunus pelagicus,Portunus,pelagicus,NA,NA,"hule Corniche, Red Sea, Saudi Arabia",20,21,39.08,tmax,0.12,SE,12,critical,loss of righting ability,0.2,NA,NA,held,NA,NA,adult,,,,,Marine,sea,wild,Morley,,Nikki,Qari_2014
Portunus pelagicus,Portunus,pelagicus,NA,NA,"hule Corniche, Red Sea, Saudi Arabia",25,21,40.07,tmax,0.33,SE,12,critical,loss of righting ability,0.2,NA,NA,held,NA,NA,adult,,,,,Marine,sea,wild,Morley,,Nikki,Qari_2014
Portunus pelagicus,Portunus,pelagicus,NA,NA,"hule Corniche, Red Sea, Saudi Arabia",30,21,41.25,tmax,0.26,SE,12,critical,loss of righting ability,0.2,NA,NA,held,NA,NA,adult,,,,,Marine,sea,wild,Morley,,Nikki,Qari_2014
Portunus pelagicus,Portunus,pelagicus,NA,NA,"hule Corniche, Red Sea, Saudi Arabia",35,21,42.66,tmax,0.4,SE,12,critical,loss of righting ability,0.2,NA,NA,held,NA,NA,adult,,,,,Marine,sea,wild,Morley,,Nikki,Qari_2014
Palaemonetes varians,Palaemonetes,varians,48.633333,-1.5,Bay of Mont Saint-Michel,10,120,30.9,tmax,1,SD,20,critical,loss of coordinated movement,0.92,NA,NA,held,Oct,NA,adult,,,,,Marine,brackish water,wild,Morley,,Nikki,Ravaux_et_al_2012
Palaemonetes varians,Palaemonetes,varians,48.633333,-1.5,Bay of Mont Saint-Michel,20,120,35.8,tmax,0.8,SD,20,critical,loss of coordinated movement,0.93,NA,NA,held,Oct,NA,adult,,,,,Marine,brackish water,wild,Morley,,Nikki,Ravaux_et_al_2012
Margarites helicinus,Margarites,helicinus,78.916667,11.916667,"Kongsfjorden, Svalbard",3.2,60,16.49,tmax,NA,NA,19,critical,loss of response,0.000694444,NA,NA,held,Jun,NA,adult,,,,,Marine,,wild,Morley,,Nikki,Richard_et_al_2012
Margarites helicinus,Margarites,helicinus,78.916667,11.916667,"Kongsfjorden, Svalbard",7.1,60,10.66,tmax,NA,NA,10,critical,loss of response,0.000694444,NA,NA,held,Jun,NA,adult,,,,,Marine,,wild,Morley,,Nikki,Richard_et_al_2012
Margarites helicinus,Margarites,helicinus,78.916667,11.916667,"Kongsfjorden, Svalbard",10.3,60,22.95,tmax,NA,NA,20,critical,loss of response,0.000694444,NA,NA,held,Jun,NA,adult,,,,,Marine,,wild,Morley,,Nikki,Richard_et_al_2012
Serripes groenlandicus,Serripes,groenlandicus,78.916667,11.916667,"Kongsfjorden, Svalbard",3.2,60,22.35,tmax,NA,NA,28,critical,loss of response,0.000694444,NA,NA,held,Jun,NA,adult,,,,,Marine,,wild,Morley,,Nikki,Richard_et_al_2012
Serripes groenlandicus,Serripes,groenlandicus,78.916667,11.916667,"Kongsfjorden, Svalbard",7.1,60,20.15,tmax,NA,NA,23,critical,loss of response,0.000694444,NA,NA,held,Jun,NA,adult,,,,,Marine,,wild,Morley,,Nikki,Richard_et_al_2012
Serripes groenlandicus,Serripes,groenlandicus,78.916667,11.916667,"Kongsfjorden, Svalbard",10.3,60,22.79,tmax,NA,NA,21,critical,loss of response,0.000694444,NA,NA,held,Jun,NA,adult,,,,,Marine,,wild,Morley,,Nikki,Richard_et_al_2012
Strongylocentrotus droebachiensis,Strongylocentrotus,droebachiensis,78.916667,11.916667,"Kongsfjorden, Svalbard",3.2,60,22.32,tmax,NA,NA,29,critical,loss of response,0.000694444,NA,NA,held,Jun,NA,adult,,,,,Marine,,wild,Morley,,Nikki,Richard_et_al_2012
Strongylocentrotus droebachiensis,Strongylocentrotus,droebachiensis,78.916667,11.916667,"Kongsfjorden, Svalbard",7.1,60,18.81,tmax,NA,NA,24,critical,loss of response,0.000694444,NA,NA,held,Jun,NA,adult,,,,,Marine,,wild,Morley,,Nikki,Richard_et_al_2012
Strongylocentrotus droebachiensis,Strongylocentrotus,droebachiensis,78.916667,11.916667,"Kongsfjorden, Svalbard",10.3,60,23.76,tmax,NA,NA,24,critical,loss of response,0.000694444,NA,NA,held,Jun,NA,adult,,,,,Marine,,wild,Morley,,Nikki,Richard_et_al_2012
Plethodon glutinosus,Plethodon,glutinosus,NA,NA,"Old Yonahlossee Road, Grandfather Mountain, Avery County, North Carolina",5,7,33.17,tmax,0.74,SD,24,critical,onset of spasm,1,NA,NA,held,Mar-Oct,NA,adult,,,,,Terrestrial,,wild,Morley,,Nikki,Spotila_1972
Plethodon glutinosus,Plethodon,glutinosus,NA,NA,"Old Yonahlossee Road, Grandfather Mountain, Avery County, North Carolina",15,7,34.28,tmax,0.84,SD,21,critical,onset of spasm,1,NA,NA,held,Mar-Oct,NA,adult,,,,,Terrestrial,,wild,Morley,,Nikki,Spotila_1972
Plethodon glutinosus,Plethodon,glutinosus,NA,NA,"Old Yonahlossee Road, Grandfather Mountain, Avery County, North Carolina",25,7,35.79,tmax,0.53,SD,22,critical,onset of spasm,1,NA,NA,held,Mar-Oct,NA,adult,,,,,Terrestrial,,wild,Morley,,Nikki,Spotila_1972
Plethodon jordani,Plethodon,jordani,NA,NA,"Arkansas Ozarks: Logan Springs cave, 10 miles west of Tontitown, Benton County; Delap caves, 4 miles west of Prairie Grove, Washington County; Denny cave, 3 miles northeast of Alabam, Madison County; War Eagle cave, 18 miles east of Rogers, Benton County; and Granny Dean cave, Black Oak Com- munity, Washington County",5,7,32.97,tmax,0.86,SD,24,critical,onset of spasm,1,NA,NA,held,Mar-Oct,NA,adult,,,,,Terrestrial,,wild,Morley,,Nikki,Spotila_1972
Plethodon jordani,Plethodon,jordani,NA,NA,"Arkansas Ozarks: Logan Springs cave, 10 miles west of Tontitown, Benton County; Delap caves, 4 miles west of Prairie Grove, Washington County; Denny cave, 3 miles northeast of Alabam, Madison County; War Eagle cave, 18 miles east of Rogers, Benton County; and Granny Dean cave, Black Oak Com- munity, Washington County",15,7,34.26,tmax,0.72,SD,19,critical,onset of spasm,1,NA,NA,held,Mar-Oct,NA,adult,,,,,Terrestrial,,wild,Morley,,Nikki,Spotila_1972
Plethodon jordani,Plethodon,jordani,NA,NA,"Arkansas Ozarks: Logan Springs cave, 10 miles west of Tontitown, Benton County; Delap caves, 4 miles west of Prairie Grove, Washington County; Denny cave, 3 miles northeast of Alabam, Madison County; War Eagle cave, 18 miles east of Rogers, Benton County; and Granny Dean cave, Black Oak Com- munity, Washington County",25,7,35.89,tmax,0.61,SD,23,critical,onset of spasm,1,NA,NA,held,Mar-Oct,NA,adult,,,,,Terrestrial,,wild,Morley,,Nikki,Spotila_1972
Plethodon yonahlossee,Plethodon,yonahlossee,NA,NA,"Arkansas Ozarks: Logan Springs cave, 10 miles west of Tontitown, Benton County; Delap caves, 4 miles west of Prairie Grove, Washington County; Denny cave, 3 miles northeast of Alabam, Madison County; War Eagle cave, 18 miles east of Rogers, Benton County; and Granny Dean cave, Black Oak Com- munity, Washington County",5,7,32.87,tmax,0.75,SD,9,critical,onset of spasm,1,NA,NA,held,Mar-Oct,NA,adult,,,,,Terrestrial,,wild,Morley,,Nikki,Spotila_1972
Plethodon yonahlossee,Plethodon,yonahlossee,NA,NA,"Arkansas Ozarks: Logan Springs cave, 10 miles west of Tontitown, Benton County; Delap caves, 4 miles west of Prairie Grove, Washington County; Denny cave, 3 miles northeast of Alabam, Madison County; War Eagle cave, 18 miles east of Rogers, Benton County; and Granny Dean cave, Black Oak Com- munity, Washington County",15,7,33.58,tmax,0.24,SD,10,critical,onset of spasm,1,NA,NA,held,Mar-Oct,NA,adult,,,,,Terrestrial,,wild,Morley,,Nikki,Spotila_1972
Plethodon yonahlossee,Plethodon,yonahlossee,NA,NA,"Arkansas Ozarks: Logan Springs cave, 10 miles west of Tontitown, Benton County; Delap caves, 4 miles west of Prairie Grove, Washington County; Denny cave, 3 miles northeast of Alabam, Madison County; War Eagle cave, 18 miles east of Rogers, Benton County; and Granny Dean cave, Black Oak Com- munity, Washington County",25,7,35.19,tmax,0.42,SD,10,critical,onset of spasm,1,NA,NA,held,Mar-Oct,NA,adult,,,,,Terrestrial,,wild,Morley,,Nikki,Spotila_1972
Sardinops melanostictus,Sardinops,melanostictus,NA,NA,Coastal waters of Japan,12,14,28.9,tmax,0.5,SD,5,critical,loss of equilibrium,0.083333333,NA,NA,held,NA,NA,adult,,,,,Marine,,wild,Morley,,Nikki,Tsushida_1995
Sardinops melanostictus,Sardinops,melanostictus,NA,NA,Coastal waters of Japan,15,14,29,tmax,0.4,SD,5,critical,loss of equilibrium,0.083333333,NA,NA,held,NA,NA,adult,,,,,Marine,,wild,Morley,,Nikki,Tsushida_1995
Sardinops melanostictus,Sardinops,melanostictus,NA,NA,Coastal waters of Japan,20,14,30.9,tmax,0.3,SD,5,critical,loss of equilibrium,0.083333333,NA,NA,held,NA,NA,adult,,,,,Marine,,wild,Morley,,Nikki,Tsushida_1995
Sardinops melanostictus,Sardinops,melanostictus,NA,NA,Coastal waters of Japan,26,14,33.6,tmax,0.2,SD,5,critical,loss of equilibrium,0.083333333,NA,NA,held,NA,NA,adult,,,,,Marine,,wild,Morley,,Nikki,Tsushida_1995
Sardinops melanostictus,Sardinops,melanostictus,NA,NA,Coastal waters of Japan,28,14,33.7,tmax,0.2,SD,5,critical,loss of equilibrium,0.083333333,NA,NA,held,NA,NA,adult,,,,,Marine,,wild,Morley,,Nikki,Tsushida_1995
Pseudocaranx dentex,Pseudocaranx,dentex,NA,NA,Coastal waters of Japan,15,14,30.8,tmax,0.3,SD,5,critical,loss of equilibrium,0.083333333,NA,NA,held,NA,NA,adult,,,,,Marine,,wild,Morley,,Nikki,Tsushida_1995
Pseudocaranx dentex,Pseudocaranx,dentex,NA,NA,Coastal waters of Japan,20,14,32.6,tmax,0.4,SD,5,critical,loss of equilibrium,0.083333333,NA,NA,held,NA,NA,adult,,,,,Marine,,wild,Morley,,Nikki,Tsushida_1995
Pseudocaranx dentex,Pseudocaranx,dentex,NA,NA,Coastal waters of Japan,23,14,33.9,tmax,0.3,SD,5,critical,loss of equilibrium,0.083333333,NA,NA,held,NA,NA,adult,,,,,Marine,,wild,Morley,,Nikki,Tsushida_1995
Pseudocaranx dentex,Pseudocaranx,dentex,NA,NA,Coastal waters of Japan,26,14,35.2,tmax,0.2,SD,5,critical,loss of equilibrium,0.083333333,NA,NA,held,NA,NA,adult,,,,,Marine,,wild,Morley,,Nikki,Tsushida_1995
Pseudocaranx dentex,Pseudocaranx,dentex,NA,NA,Coastal waters of Japan,29,14,36.1,tmax,0.1,SD,5,critical,loss of equilibrium,0.083333333,NA,NA,held,NA,NA,adult,,,,,Marine,,wild,Morley,,Nikki,Tsushida_1995
Parapristipoma trilineatum,Parapristipoma,trilineatum,NA,NA,Coastal waters of Japan,15,14,30.3,tmax,0.4,SD,5,critical,loss of equilibrium,0.083333333,NA,NA,held,NA,NA,adult,,,,,Marine,,wild,Morley,,Nikki,Tsushida_1995
Parapristipoma trilineatum,Parapristipoma,trilineatum,NA,NA,Coastal waters of Japan,20,14,32.7,tmax,0.4,SD,5,critical,loss of equilibrium,0.083333333,NA,NA,held,NA,NA,adult,,,,,Marine,,wild,Morley,,Nikki,Tsushida_1995
Parapristipoma trilineatum,Parapristipoma,trilineatum,NA,NA,Coastal waters of Japan,23,14,33.5,tmax,0.3,SD,5,critical,loss of equilibrium,0.083333333,NA,NA,held,NA,NA,adult,,,,,Marine,,wild,Morley,,Nikki,Tsushida_1995
Parapristipoma trilineatum,Parapristipoma,trilineatum,NA,NA,Coastal waters of Japan,26,14,35.5,tmax,0.1,SD,5,critical,loss of equilibrium,0.083333333,NA,NA,held,NA,NA,adult,,,,,Marine,,wild,Morley,,Nikki,Tsushida_1995
Parapristipoma trilineatum,Parapristipoma,trilineatum,NA,NA,Coastal waters of Japan,29,14,37.2,tmax,0.1,SD,5,critical,loss of equilibrium,0.083333333,NA,NA,held,NA,NA,adult,,,,,Marine,,wild,Morley,,Nikki,Tsushida_1995
Pagrus major,Pagrus,major,NA,NA,Coastal waters of Japan,14,14,28.5,tmax,0.2,SD,10,critical,loss of equilibrium,0.083333333,NA,NA,held,NA,NA,adult,,,,,Marine,,wild,Morley,,Nikki,Tsushida_1995
Pagrus major,Pagrus,major,NA,NA,Coastal waters of Japan,20,14,31,tmax,0.4,SD,10,critical,loss of equilibrium,0.083333333,NA,NA,held,NA,NA,adult,,,,,Marine,,wild,Morley,,Nikki,Tsushida_1995
Pagrus major,Pagrus,major,NA,NA,Coastal waters of Japan,23,14,33.2,tmax,0.3,SD,10,critical,loss of equilibrium,0.083333333,NA,NA,held,NA,NA,adult,,,,,Marine,,wild,Morley,,Nikki,Tsushida_1995
Pagrus major,Pagrus,major,NA,NA,Coastal waters of Japan,25,14,34.2,tmax,0.3,SD,10,critical,loss of equilibrium,0.083333333,NA,NA,held,NA,NA,adult,,,,,Marine,,wild,Morley,,Nikki,Tsushida_1995
Pagrus major,Pagrus,major,NA,NA,Coastal waters of Japan,28,14,35.7,tmax,0.3,SD,10,critical,loss of equilibrium,0.083333333,NA,NA,held,NA,NA,adult,,,,,Marine,,wild,Morley,,Nikki,Tsushida_1995
Oplegnathus fasciatus,Oplegnathus,fasciatus,NA,NA,Coastal waters of Japan,15,14,33.3,tmax,0.3,SD,5,critical,loss of equilibrium,0.083333333,NA,NA,held,NA,NA,adult,,,,,Marine,,wild,Morley,,Nikki,Tsushida_1995
Oplegnathus fasciatus,Oplegnathus,fasciatus,NA,NA,Coastal waters of Japan,20,14,34.9,tmax,0.2,SD,5,critical,loss of equilibrium,0.083333333,NA,NA,held,NA,NA,adult,,,,,Marine,,wild,Morley,,Nikki,Tsushida_1995
Oplegnathus fasciatus,Oplegnathus,fasciatus,NA,NA,Coastal waters of Japan,25,14,37.1,tmax,0.1,SD,5,critical,loss of equilibrium,0.083333333,NA,NA,held,NA,NA,adult,,,,,Marine,,wild,Morley,,Nikki,Tsushida_1995
Oplegnathus fasciatus,Oplegnathus,fasciatus,NA,NA,Coastal waters of Japan,28,14,38.1,tmax,0.1,SD,5,critical,loss of equilibrium,0.083333333,NA,NA,held,NA,NA,adult,,,,,Marine,,wild,Morley,,Nikki,Tsushida_1995
Sillago japonica,Sillago,japonica,NA,NA,Coastal waters of Japan,15,14,31.4,tmax,0.4,SD,5,critical,loss of equilibrium,0.083333333,NA,NA,held,NA,NA,adult,,,,,Marine,,wild,Morley,,Nikki,Tsushida_1995
Sillago japonica,Sillago,japonica,NA,NA,Coastal waters of Japan,20,14,34.4,tmax,0.2,SD,5,critical,loss of equilibrium,0.083333333,NA,NA,held,NA,NA,adult,,,,,Marine,,wild,Morley,,Nikki,Tsushida_1995
Sillago japonica,Sillago,japonica,NA,NA,Coastal waters of Japan,25,14,36.5,tmax,0.2,SD,5,critical,loss of equilibrium,0.083333333,NA,NA,held,NA,NA,adult,,,,,Marine,,wild,Morley,,Nikki,Tsushida_1995
Sillago japonica,Sillago,japonica,NA,NA,Coastal waters of Japan,28,14,37.4,tmax,0.3,SD,5,critical,loss of equilibrium,0.083333333,NA,NA,held,NA,NA,adult,,,,,Marine,,wild,Morley,,Nikki,Tsushida_1995
Takydromus septentrionalis,Takydromus,septentrionalis,NA,NA,"Shengsi (30°43__N, 122°27__E), Zhoushan Islands; Lishui (28°46__N, 119°92__E);  Ningbo (29°56__N, 121°51__E;  Qinling (34°09__N, 108°55__E)",20,21,42.02,tmax,0.27,SE,80,critical,loss of righting ability,0.25,NA,NA,held,Apr,NA,adult,,,,,Terrestrial,,wild,Morley,,Nikki,Yang_et_al_2008
Takydromus septentrionalis,Takydromus,septentrionalis,NA,NA,"Shengsi (30°43__N, 122°27__E), Zhoushan Islands; Lishui (28°46__N, 119°92__E);  Ningbo (29°56__N, 121°51__E;  Qinling (34°09__N, 108°55__E)",25,21,43.37,tmax,0.08,SE,80,critical,loss of righting ability,0.25,NA,NA,held,Apr,NA,adult,,,,,Terrestrial,,wild,Morley,,Nikki,Yang_et_al_2008
Takydromus septentrionalis,Takydromus,septentrionalis,NA,NA,"Shengsi (30°43__N, 122°27__E), Zhoushan Islands; Lishui (28°46__N, 119°92__E);  Ningbo (29°56__N, 121°51__E;  Qinling (34°09__N, 108°55__E)",35,21,44.41,tmax,0.12,SE,80,critical,loss of righting ability,0.25,NA,NA,held,Apr,NA,adult,,,,,Terrestrial,,wild,Morley,,Nikki,Yang_et_al_2008